<manifest><control namespace="USAFRICOM" constructor="MapSearchPCF" version="0.0.1" display-name-key="MapSearchPCF" description-key="MapSearchPCF description" control-type="standard" api-version="1.3.5"><external-service-usage enabled="false" /><data-set name="mapDataSet" display-name-key="Map Data Set" /><property name="latFieldName" display-name-key="Latitude Field" description-key="Enter the Latitude field schema name. For related entities use the following format (new_entityname.new_fieldname)" of-type="SingleLine.Text" usage="input" required="false" default-value="Latitude" /><property name="longFieldName" display-name-key="Longitude Field" description-key="Enter the Latitude field schema name. For related entities use the following format (new_entityname.new_fieldname)." of-type="SingleLine.Text" usage="input" required="false" default-value="Longitude" /><property name="geoJSONFieldName" display-name-key="GeoJSON Field" description-key="Enter the GeoJSON schema name. For related entities use the following format (new_entityname.new_fieldname)." of-type="SingleLine.Text" usage="input" required="false" default-value="GeoJSON" /><property name="shapeFieldName" display-name-key="Shape Type Field" description-key="Enter the Shape Type field schema name. For related entities use the following format (new_entityname.new_fieldname)." of-type="SingleLine.Text" usage="input" required="true" default-value="Shape" /><property name="mapServerURL" display-name-key="MapServerURL" description-key="MapServerURL" of-type="SingleLine.TextArea" usage="bound" required="false" /><resources><code path="bundle.js" order="1" /><css path="dist/MapControl.css" order="1" /></resources><built-by name="pac" version="1.26.5" /></control></manifest>