<appaction uniquename="cits__PromotetoResource!5b8d777f9cd840018e906e87b567adf5!cits_CITSPersonnelManagement!cits_positioncandidate!0">
  <appmoduleid>
    <uniquename>cits_CITSPersonnelManagement</uniquename>
  </appmoduleid>
  <buttonaccessibilitytext default="Create Resource Record">
    <label description="Create Resource Record" languagecode="1033" />
  </buttonaccessibilitytext>
  <buttonlabeltext default="Promote to Resource">
    <label description="Promote to Resource" languagecode="1033" />
  </buttonlabeltext>
  <buttonsequencepriority>5010010.0000000000</buttonsequencepriority>
  <buttontooltipdescription default="Click to create a 'Resource' record from this 'Candidate' profile. This should be done during onboarding and the position is Vacant.">
    <label description="Click to create a 'Resource' record from this 'Candidate' profile. This should be done during onboarding and the position is Vacant." languagecode="1033" />
  </buttontooltipdescription>
  <buttontooltiptitle default="Create Resource Record">
    <label description="Create Resource Record" languagecode="1033" />
  </buttontooltiptitle>
  <context>1</context>
  <contextentity>
    <logicalname>cits_positioncandidate</logicalname>
  </contextentity>
  <contextvalue>cits_positioncandidate</contextvalue>
  <fonticon>$clientsvg:ConvertTo</fonticon>
  <hidden>0</hidden>
  <iscustomizable>1</iscustomizable>
  <isdisabled>0</isdisabled>
  <isgrouptitlehidden>0</isgrouptitlehidden>
  <location>0</location>
  <name>PromotetoResource!5b8d777f9cd840018e906e87b567adf5</name>
  <onclickeventformulacomponentlibraryid>
    <name>cits_citspersonnelmanagementdefaultcommandlibrary_c894d</name>
  </onclickeventformulacomponentlibraryid>
  <onclickeventformulacomponentname>3605f54c13474ee9af02c94085b3a3d3</onclickeventformulacomponentname>
  <onclickeventformulafunctionname>OnSelect</onclickeventformulafunctionname>
  <onclickeventtype>1</onclickeventtype>
  <origin>0</origin>
  <statecode>0</statecode>
  <statuscode>1</statuscode>
  <type>0</type>
  <visibilityformulacomponentlibraryid>
    <name>cits_citspersonnelmanagementdefaultcommandlibrary_c894d</name>
  </visibilityformulacomponentlibraryid>
  <visibilityformulacomponentname>3605f54c13474ee9af02c94085b3a3d3</visibilityformulacomponentname>
  <visibilityformulafunctionname>Visible</visibilityformulafunctionname>
  <visibilitytype>1</visibilitytype>
</appaction>