<ImportExportXml xmlns:xsi="http://www.w3.org/2001/XMLSchema-instance" OrganizationVersion="9.2.24083.210" OrganizationSchemaType="Standard" CRMServerServiceabilityVersion="9.2.24084.00206">
  <Entities></Entities>
  <Roles></Roles>
  <Workflows>
    <Workflow WorkflowId="{25642288-fdf7-ec11-bb3d-000d3a1360d8}" Name="ASD-Generate2842">
      <JsonFileName>/Workflows/ASD-Generate2842-25642288-FDF7-EC11-BB3D-000D3A1360D8.json</JsonFileName>
      <Type>1</Type>
      <Subprocess>0</Subprocess>
      <Category>5</Category>
      <Mode>0</Mode>
      <Scope>4</Scope>
      <OnDemand>0</OnDemand>
      <TriggerOnCreate>0</TriggerOnCreate>
      <TriggerOnDelete>0</TriggerOnDelete>
      <AsyncAutodelete>0</AsyncAutodelete>
      <SyncWorkflowLogOnFailure>0</SyncWorkflowLogOnFailure>
      <StateCode>1</StateCode>
      <StatusCode>2</StatusCode>
      <RunAs>1</RunAs>
      <IsTransacted>1</IsTransacted>
      <IntroducedVersion>1.0.0.22</IntroducedVersion>
      <IsCustomizable>1</IsCustomizable>
      <IsCustomProcessingStepAllowedForOtherPublishers>1</IsCustomProcessingStepAllowedForOtherPublishers>
      <PrimaryEntity>none</PrimaryEntity>
      <LocalizedNames>
        <LocalizedName languagecode="1033" description="ASD-Generate2842" />
      </LocalizedNames>
    </Workflow>
    <Workflow WorkflowId="{abb713e4-08d3-ec11-a7b5-0022482d9bd6}" Name="ASD-Generate2875">
      <JsonFileName>/Workflows/ASD-Generate2875-ABB713E4-08D3-EC11-A7B5-0022482D9BD6.json</JsonFileName>
      <Type>1</Type>
      <Subprocess>0</Subprocess>
      <Category>5</Category>
      <Mode>0</Mode>
      <Scope>4</Scope>
      <OnDemand>0</OnDemand>
      <TriggerOnCreate>0</TriggerOnCreate>
      <TriggerOnDelete>0</TriggerOnDelete>
      <AsyncAutodelete>0</AsyncAutodelete>
      <SyncWorkflowLogOnFailure>0</SyncWorkflowLogOnFailure>
      <StateCode>1</StateCode>
      <StatusCode>2</StatusCode>
      <RunAs>1</RunAs>
      <IsTransacted>1</IsTransacted>
      <IntroducedVersion>1.0.0.8</IntroducedVersion>
      <IsCustomizable>1</IsCustomizable>
      <IsCustomProcessingStepAllowedForOtherPublishers>1</IsCustomProcessingStepAllowedForOtherPublishers>
      <PrimaryEntity>none</PrimaryEntity>
      <LocalizedNames>
        <LocalizedName languagecode="1033" description="ASD-Generate2875" />
      </LocalizedNames>
    </Workflow>
    <Workflow WorkflowId="{d12eb231-bce1-ec11-bb3d-0022482fdd53}" Name="ASD-Security Manager Reminder Email">
      <JsonFileName>/Workflows/ASD-SecurityManagerReminderEmail-D12EB231-BCE1-EC11-BB3D-0022482FDD53.json</JsonFileName>
      <Type>1</Type>
      <Subprocess>0</Subprocess>
      <Category>5</Category>
      <Mode>0</Mode>
      <Scope>4</Scope>
      <OnDemand>0</OnDemand>
      <TriggerOnCreate>0</TriggerOnCreate>
      <TriggerOnDelete>0</TriggerOnDelete>
      <AsyncAutodelete>0</AsyncAutodelete>
      <SyncWorkflowLogOnFailure>0</SyncWorkflowLogOnFailure>
      <StateCode>0</StateCode>
      <StatusCode>1</StatusCode>
      <RunAs>1</RunAs>
      <IsTransacted>1</IsTransacted>
      <IntroducedVersion>1.0.0.19</IntroducedVersion>
      <IsCustomizable>1</IsCustomizable>
      <IsCustomProcessingStepAllowedForOtherPublishers>1</IsCustomProcessingStepAllowedForOtherPublishers>
      <PrimaryEntity>none</PrimaryEntity>
      <LocalizedNames>
        <LocalizedName languagecode="1033" description="ASD-Security Manager Reminder Email" />
      </LocalizedNames>
    </Workflow>
    <Workflow WorkflowId="{695080ac-c2b2-ec11-983f-0022482fe6f3}" Name="ASD Kick Off Approval">
      <JsonFileName>/Workflows/ASDKickOffApproval-695080AC-C2B2-EC11-983F-0022482FE6F3.json</JsonFileName>
      <Type>1</Type>
      <Subprocess>0</Subprocess>
      <Category>5</Category>
      <Mode>0</Mode>
      <Scope>4</Scope>
      <OnDemand>0</OnDemand>
      <TriggerOnCreate>0</TriggerOnCreate>
      <TriggerOnDelete>0</TriggerOnDelete>
      <AsyncAutodelete>0</AsyncAutodelete>
      <SyncWorkflowLogOnFailure>0</SyncWorkflowLogOnFailure>
      <StateCode>0</StateCode>
      <StatusCode>1</StatusCode>
      <RunAs>1</RunAs>
      <IsTransacted>1</IsTransacted>
      <IntroducedVersion>1.0.0.2</IntroducedVersion>
      <IsCustomizable>1</IsCustomizable>
      <IsCustomProcessingStepAllowedForOtherPublishers>1</IsCustomProcessingStepAllowedForOtherPublishers>
      <PrimaryEntity>none</PrimaryEntity>
      <LocalizedNames>
        <LocalizedName languagecode="1033" description="ASD Kick Off Approval" />
      </LocalizedNames>
    </Workflow>
    <Workflow WorkflowId="{417fec73-09d5-ec11-a7b5-002248346670}" Name="ASD-GetEnvironmentVariables">
      <JsonFileName>/Workflows/ASD-GetEnvironmentVariables-417FEC73-09D5-EC11-A7B5-002248346670.json</JsonFileName>
      <Type>1</Type>
      <Subprocess>0</Subprocess>
      <Category>5</Category>
      <Mode>0</Mode>
      <Scope>4</Scope>
      <OnDemand>0</OnDemand>
      <TriggerOnCreate>0</TriggerOnCreate>
      <TriggerOnDelete>0</TriggerOnDelete>
      <AsyncAutodelete>0</AsyncAutodelete>
      <SyncWorkflowLogOnFailure>0</SyncWorkflowLogOnFailure>
      <StateCode>1</StateCode>
      <StatusCode>2</StatusCode>
      <RunAs>1</RunAs>
      <IsTransacted>1</IsTransacted>
      <IntroducedVersion>1.0.0.10</IntroducedVersion>
      <IsCustomizable>1</IsCustomizable>
      <IsCustomProcessingStepAllowedForOtherPublishers>1</IsCustomProcessingStepAllowedForOtherPublishers>
      <PrimaryEntity>none</PrimaryEntity>
      <LocalizedNames>
        <LocalizedName languagecode="1033" description="ASD-GetEnvironmentVariables" />
      </LocalizedNames>
    </Workflow>
    <Workflow WorkflowId="{644a230f-efd5-ec11-a7b5-002248346670}" Name="ASD-GenerateAUP">
      <JsonFileName>/Workflows/ASD-GenerateAUP-644A230F-EFD5-EC11-A7B5-002248346670.json</JsonFileName>
      <Type>1</Type>
      <Subprocess>0</Subprocess>
      <Category>5</Category>
      <Mode>0</Mode>
      <Scope>4</Scope>
      <OnDemand>0</OnDemand>
      <TriggerOnCreate>0</TriggerOnCreate>
      <TriggerOnDelete>0</TriggerOnDelete>
      <AsyncAutodelete>0</AsyncAutodelete>
      <SyncWorkflowLogOnFailure>0</SyncWorkflowLogOnFailure>
      <StateCode>1</StateCode>
      <StatusCode>2</StatusCode>
      <RunAs>1</RunAs>
      <IsTransacted>1</IsTransacted>
      <IntroducedVersion>1.0</IntroducedVersion>
      <IsCustomizable>1</IsCustomizable>
      <IsCustomProcessingStepAllowedForOtherPublishers>1</IsCustomProcessingStepAllowedForOtherPublishers>
      <PrimaryEntity>none</PrimaryEntity>
      <LocalizedNames>
        <LocalizedName languagecode="1033" description="ASD-GenerateAUP" />
      </LocalizedNames>
    </Workflow>
    <Workflow WorkflowId="{7e7895d7-aed6-ec11-a7b5-002248346670}" Name="ASD-GeneratePLAA">
      <JsonFileName>/Workflows/ASD-GeneratePLAA-7E7895D7-AED6-EC11-A7B5-002248346670.json</JsonFileName>
      <Type>1</Type>
      <Subprocess>0</Subprocess>
      <Category>5</Category>
      <Mode>0</Mode>
      <Scope>4</Scope>
      <OnDemand>0</OnDemand>
      <TriggerOnCreate>0</TriggerOnCreate>
      <TriggerOnDelete>0</TriggerOnDelete>
      <AsyncAutodelete>0</AsyncAutodelete>
      <SyncWorkflowLogOnFailure>0</SyncWorkflowLogOnFailure>
      <StateCode>1</StateCode>
      <StatusCode>2</StatusCode>
      <RunAs>1</RunAs>
      <IsTransacted>1</IsTransacted>
      <IntroducedVersion>1.0.0.16</IntroducedVersion>
      <IsCustomizable>1</IsCustomizable>
      <IsCustomProcessingStepAllowedForOtherPublishers>1</IsCustomProcessingStepAllowedForOtherPublishers>
      <PrimaryEntity>none</PrimaryEntity>
      <LocalizedNames>
        <LocalizedName languagecode="1033" description="ASD-GeneratePLAA" />
      </LocalizedNames>
    </Workflow>
    <Workflow WorkflowId="{a4557a85-b4d6-ec11-a7b5-002248346670}" Name="ASD-GenerateOrdersMemo">
      <JsonFileName>/Workflows/ASD-GenerateOrdersMemo-A4557A85-B4D6-EC11-A7B5-002248346670.json</JsonFileName>
      <Type>1</Type>
      <Subprocess>0</Subprocess>
      <Category>5</Category>
      <Mode>0</Mode>
      <Scope>4</Scope>
      <OnDemand>0</OnDemand>
      <TriggerOnCreate>0</TriggerOnCreate>
      <TriggerOnDelete>0</TriggerOnDelete>
      <AsyncAutodelete>0</AsyncAutodelete>
      <SyncWorkflowLogOnFailure>0</SyncWorkflowLogOnFailure>
      <StateCode>1</StateCode>
      <StatusCode>2</StatusCode>
      <RunAs>1</RunAs>
      <IsTransacted>1</IsTransacted>
      <IntroducedVersion>1.0.0.16</IntroducedVersion>
      <IsCustomizable>1</IsCustomizable>
      <IsCustomProcessingStepAllowedForOtherPublishers>1</IsCustomProcessingStepAllowedForOtherPublishers>
      <PrimaryEntity>none</PrimaryEntity>
      <LocalizedNames>
        <LocalizedName languagecode="1033" description="ASD-GenerateOrdersMemo" />
      </LocalizedNames>
    </Workflow>
  </Workflows>
  <FieldSecurityProfiles></FieldSecurityProfiles>
  <Templates />
  <EntityMaps />
  <EntityRelationships />
  <OrganizationSettings />
  <optionsets />
  <CustomControls />
  <EntityDataProviders />
  <CanvasApps>
    <CanvasApp>
      <Name>af_asdaccountrequests_2ed42</Name>
      <AppVersion>2024-08-01T21:21:30Z</AppVersion>
      <Status>Ready</Status>
      <CreatedByClientVersion>3.24073.22.0</CreatedByClientVersion>
      <MinClientVersion>3.24073.22.0</MinClientVersion>
      <Tags>{"primaryDeviceWidth":"1366","primaryDeviceHeight":"768","sienaVersion":"20240801T203900Z-3.24051.29.0","deviceCapabilities":"","supportsPortrait":"false","supportsLandscape":"true","primaryFormFactor":"Tablet","publisherVersion":"3.24073.22","minimumRequiredApiVersion":"2.2.0","hasComponent":"true","hasUnlockedComponent":"true","isUnifiedRootApp":"false","showStatusBar":"false","offlineLargeFilesSupport":"false"}</Tags>
      <IsCdsUpgraded>0</IsCdsUpgraded>
      <GalleryItemId xsi:nil="true"></GalleryItemId>
      <BackgroundColor>rgba(9, 33, 98, 1)</BackgroundColor>
      <DisplayName>AFRICOM Account Requests (ASD)</DisplayName>
      <Description>Submit a new AFRICOM account request to ASD for creation. Requests are routed to appropriate parties for approval.</Description>
      <CommitMessage xsi:nil="true"></CommitMessage>
      <Publisher></Publisher>
      <AuthorizationReferences>[{"resourceId":"powerbi"}]</AuthorizationReferences>
      <ConnectionReferences>{"5cbb95ba-b025-48d9-9e68-623d578ef4c7":{"id":"/providers/microsoft.powerapps/apis/shared_sharepointonline","displayName":"SharePoint","iconUri":"https://connectoricons-prod.azureedge.net/u/jayawan/releases/v1.0.1697/1.0.1697.3786/sharepointonline/icon.png","dataSources":["ASD/ASD Administrators","ASD/AFRICOM Directorates","ASD/ASD Locations","ASD/ASD Affiliations","ASD/ASD Ranks","ASD/AFRICOM Divisions","ASD/ASD Requests","ASD/J6 Validators","ASD/CTR Company","ASD/Secured SSN","ASD/AFRICOM Orgs","ASD/Investigation Types","ASD/IA Administrators","ASD/Security Managers","ASD/DocumentLibrary","ASD/Countries"],"dependencies":[],"dependents":["cb550400-b900-4599-b8f3-8bb9631f9c9f","685984de-58a7-48a5-8ee8-cddab622ad2c","a0f37716-b9da-41a9-9ccd-c07e7eae07a0","2932de75-1991-43a8-b558-2360d290ac31","70563a00-4478-422e-9ca4-8b5ead32c7a4"],"parameterHints":{},"parameterHintsV2":{},"isOnPremiseConnection":false,"bypassConsent":false,"dataSets":{"https://dod365.sharepoint-mil.us/sites/AFRICOM-J63-ASD_af_ASDRootSite":{"datasetOverride":{"name":"https://dod365.sharepoint-mil.us/sites/AFRICOM-J63-ASD","environmentVariableName":"af_ASDRootSite"},"dataSources":{"ASD/ASD Administrators":{"tableName":"ff0c56b8-8ca3-40d7-9d48-e2153a7472e9","tableNameOverride":{"name":"ff0c56b8-8ca3-40d7-9d48-e2153a7472e9","environmentVariableName":"af_ASD_ASDAdministrators"}},"ASD/AFRICOM Directorates":{"tableName":"1c62c7cf-4e20-4957-aeec-80ddb115ef31","tableNameOverride":{"name":"1c62c7cf-4e20-4957-aeec-80ddb115ef31","environmentVariableName":"af_ASD_AFRICOMDirectorates"}},"ASD/ASD Locations":{"tableName":"eb634339-c3cd-45e3-8b21-c79c758b6eb4","tableNameOverride":{"name":"eb634339-c3cd-45e3-8b21-c79c758b6eb4","environmentVariableName":"af_ASD_ASDLocations"}},"ASD/ASD Affiliations":{"tableName":"ab27c1b8-08c3-451d-8e41-244676959c37","tableNameOverride":{"name":"ab27c1b8-08c3-451d-8e41-244676959c37","environmentVariableName":"af_ASD_ASDAffiliations"}},"ASD/ASD Ranks":{"tableName":"043193ed-897a-42b2-90a0-c12959f65272","tableNameOverride":{"name":"043193ed-897a-42b2-90a0-c12959f65272","environmentVariableName":"af_ASD_ASDRanks"}},"ASD/AFRICOM Divisions":{"tableName":"b60bd99e-aef1-45e0-8eb0-7b14e4ed0908","tableNameOverride":{"name":"b60bd99e-aef1-45e0-8eb0-7b14e4ed0908","environmentVariableName":"af_ASD_AFRICOMDepartments"}},"ASD/ASD Requests":{"tableName":"6bc5b4a6-83e3-4ade-a5ef-d496b60a43c1","tableNameOverride":{"name":"6bc5b4a6-83e3-4ade-a5ef-d496b60a43c1","environmentVariableName":"af_ASD_ASDRequests"}},"ASD/J6 Validators":{"tableName":"bb7c9d14-1d99-4196-a045-0ec83d181edc","tableNameOverride":{"name":"bb7c9d14-1d99-4196-a045-0ec83d181edc","environmentVariableName":"af_ASD_J6Validators"}},"ASD/CTR Company":{"tableName":"c8fb0d92-fbdc-4146-82f7-3f02edb58c01","tableNameOverride":{"name":"c8fb0d92-fbdc-4146-82f7-3f02edb58c01","environmentVariableName":"af_ASD_CTRCompany"}},"ASD/Secured SSN":{"tableName":"657aa05f-7e59-4ed3-9543-0715155fa400","tableNameOverride":{"name":"657aa05f-7e59-4ed3-9543-0715155fa400","environmentVariableName":"af_ASD_SecuredSSN"}},"ASD/AFRICOM Orgs":{"tableName":"acfb131d-2753-41e8-b68b-04d4e029c15e","tableNameOverride":{"name":"acfb131d-2753-41e8-b68b-04d4e029c15e","environmentVariableName":"af_ASD_AFRICOMOrgs"}},"ASD/Investigation Types":{"tableName":"cc010d37-93c4-4433-9ebb-f169ede90eec","tableNameOverride":{"name":"cc010d37-93c4-4433-9ebb-f169ede90eec","environmentVariableName":"af_ASD_InvestigationTypes"}},"ASD/IA Administrators":{"tableName":"279c0567-208e-473f-a00a-41f01457e4ca","tableNameOverride":{"name":"279c0567-208e-473f-a00a-41f01457e4ca","environmentVariableName":"af_ASD_IAAdministrators"}},"ASD/Security Managers":{"tableName":"0c4f02b9-f668-41a8-9752-e999b50092ab","tableNameOverride":{"name":"0c4f02b9-f668-41a8-9752-e999b50092ab","environmentVariableName":"af_ASD_SecurityManagers"}},"ASD/DocumentLibrary":{"tableName":"17258692-e09e-4e20-baf5-5203e54c8f8a","tableNameOverride":{"name":"17258692-e09e-4e20-baf5-5203e54c8f8a","environmentVariableName":"af_ASD_DocumentLibrary"}},"ASD/Countries":{"tableName":"15259172-9f27-45b0-b4c2-95834c45e809","tableNameOverride":{"name":"15259172-9f27-45b0-b4c2-95834c45e809","environmentVariableName":"af_ASD_Countries"}}}}},"apiTier":"Standard","actions":["providers/PowerPlatform.Governance/Operations/Read","providers/PowerPlatform.Governance/Operations/Write","providers/PowerPlatform.Governance/Operations/Delete"]},"cb550400-b900-4599-b8f3-8bb9631f9c9f":{"id":"/providers/microsoft.powerapps/apis/shared_logicflows","displayName":"Logic flows","iconUri":"https://connectoricons-prod.azureedge.net/u/patelronak/specialtrain-logicflows-2/1.0.1692.3734/logicflows/icon.png","dataSources":["ASD-Generate2842"],"dependencies":["5cbb95ba-b025-48d9-9e68-623d578ef4c7"],"dependents":[],"parameterHints":{"workflowName":{"value":"69cd6349-b63e-4924-9b92-6ee413fe8b17"},"workflowEntityId":{"value":"25642288-fdf7-ec11-bb3d-000d3a1360d8"},"workflowDisplayName":{"value":"ASD-Generate2842"},"5cbb95ba-b025-48d9-9e68-623d578ef4c7":{"value":"shared_sharepointonline"}},"parameterHintsV2":{"workflowName":{"value":"69cd6349-b63e-4924-9b92-6ee413fe8b17"},"workflowEntityId":{"value":"25642288-fdf7-ec11-bb3d-000d3a1360d8"},"workflowDisplayName":{"value":"ASD-Generate2842"},"shared_sharepointonline":{"value":"5cbb95ba-b025-48d9-9e68-623d578ef4c7"}},"isOnPremiseConnection":false,"bypassConsent":false,"dataSets":{},"apiTier":"Standard","actions":["Run"]},"685984de-58a7-48a5-8ee8-cddab622ad2c":{"id":"/providers/microsoft.powerapps/apis/shared_logicflows","displayName":"Logic flows","iconUri":"https://connectoricons-prod.azureedge.net/u/patelronak/specialtrain-logicflows-2/1.0.1692.3734/logicflows/icon.png","dataSources":["ASD-GenerateAUP"],"dependencies":["5cbb95ba-b025-48d9-9e68-623d578ef4c7"],"dependents":[],"parameterHints":{"workflowName":{"value":"d80c218d-1677-4d4a-9a83-eeed39810bcd"},"workflowEntityId":{"value":"644a230f-efd5-ec11-a7b5-002248346670"},"workflowDisplayName":{"value":"ASD-GenerateAUP"},"5cbb95ba-b025-48d9-9e68-623d578ef4c7":{"value":"shared_sharepointonline_1"}},"parameterHintsV2":{"workflowName":{"value":"d80c218d-1677-4d4a-9a83-eeed39810bcd"},"workflowEntityId":{"value":"644a230f-efd5-ec11-a7b5-002248346670"},"workflowDisplayName":{"value":"ASD-GenerateAUP"},"shared_sharepointonline_1":{"value":"5cbb95ba-b025-48d9-9e68-623d578ef4c7"}},"isOnPremiseConnection":false,"bypassConsent":false,"dataSets":{},"apiTier":"Standard","actions":["Run"]},"a0f37716-b9da-41a9-9ccd-c07e7eae07a0":{"id":"/providers/microsoft.powerapps/apis/shared_logicflows","displayName":"Logic flows","iconUri":"https://connectoricons-prod.azureedge.net/u/patelronak/specialtrain-logicflows-2/1.0.1692.3734/logicflows/icon.png","dataSources":["ASD-GenerateOrdersMemo"],"dependencies":["5cbb95ba-b025-48d9-9e68-623d578ef4c7"],"dependents":[],"parameterHints":{"workflowName":{"value":"3823d990-6432-40bd-b5fb-6e1b4e045f68"},"workflowEntityId":{"value":"a4557a85-b4d6-ec11-a7b5-002248346670"},"workflowDisplayName":{"value":"ASD-GenerateOrdersMemo"},"5cbb95ba-b025-48d9-9e68-623d578ef4c7":{"value":"shared_sharepointonline_1"}},"parameterHintsV2":{"workflowName":{"value":"3823d990-6432-40bd-b5fb-6e1b4e045f68"},"workflowEntityId":{"value":"a4557a85-b4d6-ec11-a7b5-002248346670"},"workflowDisplayName":{"value":"ASD-GenerateOrdersMemo"},"shared_sharepointonline_1":{"value":"5cbb95ba-b025-48d9-9e68-623d578ef4c7"}},"isOnPremiseConnection":false,"bypassConsent":false,"dataSets":{},"apiTier":"Standard","actions":["Run"]},"2932de75-1991-43a8-b558-2360d290ac31":{"id":"/providers/microsoft.powerapps/apis/shared_logicflows","displayName":"Logic flows","iconUri":"https://connectoricons-prod.azureedge.net/u/patelronak/specialtrain-logicflows-2/1.0.1692.3734/logicflows/icon.png","dataSources":["ASD-GeneratePLAA"],"dependencies":["5cbb95ba-b025-48d9-9e68-623d578ef4c7"],"dependents":[],"parameterHints":{"workflowName":{"value":"f2227ee7-a279-4acb-bc66-a685523914df"},"workflowEntityId":{"value":"7e7895d7-aed6-ec11-a7b5-002248346670"},"workflowDisplayName":{"value":"ASD-GeneratePLAA"},"5cbb95ba-b025-48d9-9e68-623d578ef4c7":{"value":"shared_sharepointonline_2"}},"parameterHintsV2":{"workflowName":{"value":"f2227ee7-a279-4acb-bc66-a685523914df"},"workflowEntityId":{"value":"7e7895d7-aed6-ec11-a7b5-002248346670"},"workflowDisplayName":{"value":"ASD-GeneratePLAA"},"shared_sharepointonline_2":{"value":"5cbb95ba-b025-48d9-9e68-623d578ef4c7"}},"isOnPremiseConnection":false,"bypassConsent":false,"dataSets":{},"apiTier":"Standard","actions":["Run"]},"70563a00-4478-422e-9ca4-8b5ead32c7a4":{"id":"/providers/microsoft.powerapps/apis/shared_logicflows","displayName":"Logic flows","iconUri":"https://connectoricons-prod.azureedge.net/u/patelronak/specialtrain-logicflows-2/1.0.1692.3734/logicflows/icon.png","dataSources":["ASD-Generate2875"],"dependencies":["5cbb95ba-b025-48d9-9e68-623d578ef4c7"],"dependents":[],"parameterHints":{"workflowName":{"value":"be2c4f8b-0afd-4912-8ecd-a86b57a3e29b"},"workflowEntityId":{"value":"abb713e4-08d3-ec11-a7b5-0022482d9bd6"},"workflowDisplayName":{"value":"ASD-Generate2875"},"5cbb95ba-b025-48d9-9e68-623d578ef4c7":{"value":"shared_sharepointonline_1"}},"parameterHintsV2":{"workflowName":{"value":"be2c4f8b-0afd-4912-8ecd-a86b57a3e29b"},"workflowEntityId":{"value":"abb713e4-08d3-ec11-a7b5-0022482d9bd6"},"workflowDisplayName":{"value":"ASD-Generate2875"},"shared_sharepointonline_1":{"value":"5cbb95ba-b025-48d9-9e68-623d578ef4c7"}},"isOnPremiseConnection":false,"bypassConsent":false,"dataSets":{},"apiTier":"Standard","actions":["Run"]},"8da58a86-b8f4-4b0e-8538-ecf35a0944ed":{"id":"/providers/microsoft.powerapps/apis/shared_logicflows","displayName":"Logic flows","iconUri":"https://connectoricons-prod.azureedge.net/u/patelronak/specialtrain-logicflows-2/1.0.1692.3734/logicflows/icon.png","dataSources":["ASD-GetEnvironmentVariables"],"dependencies":[],"dependents":[],"parameterHints":{"workflowName":{"value":"04e9a8b6-d9a7-4b81-97df-63b46a9b6fe2"},"workflowEntityId":{"value":"417fec73-09d5-ec11-a7b5-002248346670"},"workflowDisplayName":{"value":"ASD-GetEnvironmentVariables"}},"parameterHintsV2":{"workflowName":{"value":"04e9a8b6-d9a7-4b81-97df-63b46a9b6fe2"},"workflowEntityId":{"value":"417fec73-09d5-ec11-a7b5-002248346670"},"workflowDisplayName":{"value":"ASD-GetEnvironmentVariables"}},"isOnPremiseConnection":false,"bypassConsent":false,"dataSets":{},"apiTier":"Standard","actions":["Run"]}}</ConnectionReferences>
      <DatabaseReferences>{}</DatabaseReferences>
      <AppComponents>[]</AppComponents>
      <AppComponentDependencies>[]</AppComponentDependencies>
      <CanConsumeAppPass>1</CanConsumeAppPass>
      <CanvasAppType>0</CanvasAppType>
      <BypassConsent>0</BypassConsent>
      <AdminControlBypassConsent>0</AdminControlBypassConsent>
      <EmbeddedApp xsi:nil="true"></EmbeddedApp>
      <IntroducedVersion>1.0</IntroducedVersion>
      <CdsDependencies>{"cdsdependencies":[{"dependencyid":"25642288-fdf7-ec11-bb3d-000d3a1360d8","componenttype":29,"componenttypeplatformname":"Workflow"},{"dependencyid":"644a230f-efd5-ec11-a7b5-002248346670","componenttype":29,"componenttypeplatformname":"Workflow"},{"dependencyid":"a4557a85-b4d6-ec11-a7b5-002248346670","componenttype":29,"componenttypeplatformname":"Workflow"},{"dependencyid":"7e7895d7-aed6-ec11-a7b5-002248346670","componenttype":29,"componenttypeplatformname":"Workflow"},{"dependencyid":"abb713e4-08d3-ec11-a7b5-0022482d9bd6","componenttype":29,"componenttypeplatformname":"Workflow"},{"dependencyid":"417fec73-09d5-ec11-a7b5-002248346670","componenttype":29,"componenttypeplatformname":"Workflow"},{"logicalname":"af_ASDRootSite","componenttype":380,"componenttypeplatformname":"EnvironmentVariableDefinition"},{"logicalname":"af_ASD_ASDAdministrators","componenttype":380,"componenttypeplatformname":"EnvironmentVariableDefinition"},{"logicalname":"af_ASD_AFRICOMDirectorates","componenttype":380,"componenttypeplatformname":"EnvironmentVariableDefinition"},{"logicalname":"af_ASD_ASDLocations","componenttype":380,"componenttypeplatformname":"EnvironmentVariableDefinition"},{"logicalname":"af_ASD_ASDAffiliations","componenttype":380,"componenttypeplatformname":"EnvironmentVariableDefinition"},{"logicalname":"af_ASD_ASDRanks","componenttype":380,"componenttypeplatformname":"EnvironmentVariableDefinition"},{"logicalname":"af_ASD_AFRICOMDepartments","componenttype":380,"componenttypeplatformname":"EnvironmentVariableDefinition"},{"logicalname":"af_ASD_ASDRequests","componenttype":380,"componenttypeplatformname":"EnvironmentVariableDefinition"},{"logicalname":"af_ASD_J6Validators","componenttype":380,"componenttypeplatformname":"EnvironmentVariableDefinition"},{"logicalname":"af_ASD_CTRCompany","componenttype":380,"componenttypeplatformname":"EnvironmentVariableDefinition"},{"logicalname":"af_ASD_SecuredSSN","componenttype":380,"componenttypeplatformname":"EnvironmentVariableDefinition"},{"logicalname":"af_ASD_AFRICOMOrgs","componenttype":380,"componenttypeplatformname":"EnvironmentVariableDefinition"},{"logicalname":"af_ASD_InvestigationTypes","componenttype":380,"componenttypeplatformname":"EnvironmentVariableDefinition"},{"logicalname":"af_ASD_IAAdministrators","componenttype":380,"componenttypeplatformname":"EnvironmentVariableDefinition"},{"logicalname":"af_ASD_SecurityManagers","componenttype":380,"componenttypeplatformname":"EnvironmentVariableDefinition"},{"logicalname":"af_ASD_DocumentLibrary","componenttype":380,"componenttypeplatformname":"EnvironmentVariableDefinition"},{"logicalname":"af_ASD_Countries","componenttype":380,"componenttypeplatformname":"EnvironmentVariableDefinition"}]}</CdsDependencies>
      <IsCustomizable>1</IsCustomizable>
      <BackgroundImageUri>/CanvasApps/af_asdaccountrequests_2ed42_BackgroundImageUri</BackgroundImageUri>
      <DocumentUri>/CanvasApps/af_asdaccountrequests_2ed42_DocumentUri.msapp</DocumentUri>
      <AdditionalUris>
        <AdditionalUri>/CanvasApps/af_asdaccountrequests_2ed42_AdditionalUris0_identity.json</AdditionalUri>
      </AdditionalUris>
    </CanvasApp>
    <CanvasApp>
      <Name>af_spattachmentviewer_1ae40</Name>
      <AppVersion>2024-09-09T12:45:12Z</AppVersion>
      <Status>Ready</Status>
      <CreatedByClientVersion>3.22082.8.0</CreatedByClientVersion>
      <MinClientVersion>3.22082.8.0</MinClientVersion>
      <Tags>{"primaryDeviceWidth":"640","primaryDeviceHeight":"640","sienaVersion":"20220325T123445Z-3.22022.31.0","deviceCapabilities":"","supportsPortrait":"true","supportsLandscape":"true","primaryFormFactor":"Phone","publisherVersion":"3.22082.8","minimumRequiredApiVersion":"2.2.0","hasComponent":"true","hasUnlockedComponent":"true","isUnifiedRootApp":"false"}</Tags>
      <IsCdsUpgraded>0</IsCdsUpgraded>
      <GalleryItemId xsi:nil="true"></GalleryItemId>
      <BackgroundColor>RGBA(251,101,60,255)</BackgroundColor>
      <DisplayName>SP Attachment Viewer</DisplayName>
      <Description></Description>
      <CommitMessage>accessibility updates</CommitMessage>
      <Publisher></Publisher>
      <AuthorizationReferences>[]</AuthorizationReferences>
      <ConnectionReferences>{}</ConnectionReferences>
      <DatabaseReferences>{}</DatabaseReferences>
      <CanConsumeAppPass>1</CanConsumeAppPass>
      <CanvasAppType>1</CanvasAppType>
      <BypassConsent>0</BypassConsent>
      <EmbeddedApp xsi:nil="true"></EmbeddedApp>
      <IntroducedVersion>1.0</IntroducedVersion>
      <CdsDependencies>{"cdsdependencies":[]}</CdsDependencies>
      <IsCustomizable>1</IsCustomizable>
      <BackgroundImageUri>/CanvasApps/af_spattachmentviewer_1ae40_BackgroundImageUri</BackgroundImageUri>
      <DocumentUri>/CanvasApps/af_spattachmentviewer_1ae40_DocumentUri.msapp</DocumentUri>
    </CanvasApp>
  </CanvasApps>
  <connectionreferences>
    <connectionreference connectionreferencelogicalname="af_ASD_Office365OutlookRef">
      <connectionreferencedisplayname>AFRICOM_ASD Office 365 Outlook Ref</connectionreferencedisplayname>
      <connectorid>/providers/Microsoft.PowerApps/apis/shared_office365</connectorid>
      <description>AFRICOM ASD Account Requests PowerApp</description>
      <iscustomizable>1</iscustomizable>
      <statecode>0</statecode>
      <statuscode>1</statuscode>
    </connectionreference>
    <connectionreference connectionreferencelogicalname="af_ASD_OneDriveforBusinessRef">
      <connectionreferencedisplayname>AFRICOM_ASD OneDrive for Business Ref</connectionreferencedisplayname>
      <connectorid>/providers/Microsoft.PowerApps/apis/shared_onedriveforbusiness</connectorid>
      <description>AFRICOM ASD Account Requests PowerApp</description>
      <iscustomizable>1</iscustomizable>
      <statecode>0</statecode>
      <statuscode>1</statuscode>
    </connectionreference>
    <connectionreference connectionreferencelogicalname="af_ASD_SharePointRef">
      <connectionreferencedisplayname>AFRICOM_ASD SharePoint Ref</connectionreferencedisplayname>
      <connectorid>/providers/Microsoft.PowerApps/apis/shared_sharepointonline</connectorid>
      <description>AFRICOM ASD Account Requests PowerApp</description>
      <iscustomizable>1</iscustomizable>
      <statecode>0</statecode>
      <statuscode>1</statuscode>
    </connectionreference>
  </connectionreferences>
  <Languages>
    <Language>1033</Language>
  </Languages>
</ImportExportXml>