<ImportExportXml version="9.2.24083.210" SolutionPackageVersion="9.2" languagecode="1033" generatedBy="CrmLive" xmlns:xsi="http://www.w3.org/2001/XMLSchema-instance" OrganizationVersion="9.2.24083.210" OrganizationSchemaType="Standard" CRMServerServiceabilityVersion="9.2.24084.00206">
  <SolutionManifest>
    <UniqueName>AFRICOM_ASD_App</UniqueName>
    <LocalizedNames>
      <LocalizedName description="AFRICOM Account Requests (ASD)" languagecode="1033" />
    </LocalizedNames>
    <Descriptions>
      <Description description="DoD Account Requests Power App to route and generate DD2875s" languagecode="1033" />
    </Descriptions>
    <Version>1.0.0.44</Version>
    <Managed>1</Managed>
    <Publisher>
      <UniqueName>africom</UniqueName>
      <LocalizedNames>
        <LocalizedName description="USAFRICOM" languagecode="1033" />
      </LocalizedNames>
      <Descriptions>
        <Description description="USAFRICOM PowerApps publisher" languagecode="1033" />
      </Descriptions>
      <EMailAddress xsi:nil="true"></EMailAddress>
      <SupportingWebsiteUrl xsi:nil="true"></SupportingWebsiteUrl>
      <CustomizationPrefix>af</CustomizationPrefix>
      <CustomizationOptionValuePrefix>47933</CustomizationOptionValuePrefix>
      <Addresses>
        <Address>
          <AddressNumber>1</AddressNumber>
          <AddressTypeCode>1</AddressTypeCode>
          <City xsi:nil="true"></City>
          <County xsi:nil="true"></County>
          <Country xsi:nil="true"></Country>
          <Fax xsi:nil="true"></Fax>
          <FreightTermsCode xsi:nil="true"></FreightTermsCode>
          <ImportSequenceNumber xsi:nil="true"></ImportSequenceNumber>
          <Latitude xsi:nil="true"></Latitude>
          <Line1 xsi:nil="true"></Line1>
          <Line2 xsi:nil="true"></Line2>
          <Line3 xsi:nil="true"></Line3>
          <Longitude xsi:nil="true"></Longitude>
          <Name xsi:nil="true"></Name>
          <PostalCode xsi:nil="true"></PostalCode>
          <PostOfficeBox xsi:nil="true"></PostOfficeBox>
          <PrimaryContactName xsi:nil="true"></PrimaryContactName>
          <ShippingMethodCode>1</ShippingMethodCode>
          <StateOrProvince xsi:nil="true"></StateOrProvince>
          <Telephone1 xsi:nil="true"></Telephone1>
          <Telephone2 xsi:nil="true"></Telephone2>
          <Telephone3 xsi:nil="true"></Telephone3>
          <TimeZoneRuleVersionNumber xsi:nil="true"></TimeZoneRuleVersionNumber>
          <UPSZone xsi:nil="true"></UPSZone>
          <UTCOffset xsi:nil="true"></UTCOffset>
          <UTCConversionTimeZoneCode xsi:nil="true"></UTCConversionTimeZoneCode>
        </Address>
        <Address>
          <AddressNumber>2</AddressNumber>
          <AddressTypeCode>1</AddressTypeCode>
          <City xsi:nil="true"></City>
          <County xsi:nil="true"></County>
          <Country xsi:nil="true"></Country>
          <Fax xsi:nil="true"></Fax>
          <FreightTermsCode xsi:nil="true"></FreightTermsCode>
          <ImportSequenceNumber xsi:nil="true"></ImportSequenceNumber>
          <Latitude xsi:nil="true"></Latitude>
          <Line1 xsi:nil="true"></Line1>
          <Line2 xsi:nil="true"></Line2>
          <Line3 xsi:nil="true"></Line3>
          <Longitude xsi:nil="true"></Longitude>
          <Name xsi:nil="true"></Name>
          <PostalCode xsi:nil="true"></PostalCode>
          <PostOfficeBox xsi:nil="true"></PostOfficeBox>
          <PrimaryContactName xsi:nil="true"></PrimaryContactName>
          <ShippingMethodCode>1</ShippingMethodCode>
          <StateOrProvince xsi:nil="true"></StateOrProvince>
          <Telephone1 xsi:nil="true"></Telephone1>
          <Telephone2 xsi:nil="true"></Telephone2>
          <Telephone3 xsi:nil="true"></Telephone3>
          <TimeZoneRuleVersionNumber xsi:nil="true"></TimeZoneRuleVersionNumber>
          <UPSZone xsi:nil="true"></UPSZone>
          <UTCOffset xsi:nil="true"></UTCOffset>
          <UTCConversionTimeZoneCode xsi:nil="true"></UTCConversionTimeZoneCode>
        </Address>
      </Addresses>
    </Publisher>
    <RootComponents>
      <RootComponent type="29" id="{25642288-fdf7-ec11-bb3d-000d3a1360d8}" behavior="0" />
      <RootComponent type="29" id="{417fec73-09d5-ec11-a7b5-002248346670}" behavior="0" />
      <RootComponent type="29" id="{644a230f-efd5-ec11-a7b5-002248346670}" behavior="0" />
      <RootComponent type="29" id="{695080ac-c2b2-ec11-983f-0022482fe6f3}" behavior="0" />
      <RootComponent type="29" id="{7e7895d7-aed6-ec11-a7b5-002248346670}" behavior="0" />
      <RootComponent type="29" id="{a4557a85-b4d6-ec11-a7b5-002248346670}" behavior="0" />
      <RootComponent type="29" id="{abb713e4-08d3-ec11-a7b5-0022482d9bd6}" behavior="0" />
      <RootComponent type="29" id="{d12eb231-bce1-ec11-bb3d-0022482fdd53}" behavior="0" />
      <RootComponent type="300" schemaName="af_asdaccountrequests_2ed42" behavior="0" />
      <RootComponent type="300" schemaName="af_spattachmentviewer_1ae40" behavior="0" />
    </RootComponents>
    <MissingDependencies />
  </SolutionManifest>
</ImportExportXml>