{
  "properties": {
    "connectionReferences": {
      "shared_sharepointonline": {
        "runtimeSource": "invoker",
        "connection": {
          "connectionReferenceLogicalName": "af_ASD_SharePointRef"
        },
        "api": {
          "name": "shared_sharepointonline"
        }
      },
      "shared_onedriveforbusiness": {
        "runtimeSource": "embedded",
        "connection": {
          "connectionReferenceLogicalName": "af_ASD_OneDriveforBusinessRef"
        },
        "api": {
          "name": "shared_onedriveforbusiness"
        }
      }
    },
    "definition": {
      "$schema": "https://schema.management.azure.com/providers/Microsoft.Logic/schemas/2016-06-01/workflowdefinition.json#",
      "contentVersion": "1.0.0.0",
      "parameters": {
        "$connections": {
          "defaultValue": {},
          "type": "Object"
        },
        "$authentication": {
          "defaultValue": {},
          "type": "SecureObject"
        },
        "ASD Root Site (af_ASDRootSite)": {
          "defaultValue": "https://j654dev.sharepoint.com/sites/ASD",
          "type": "String",
          "metadata": {
            "schemaName": "af_ASDRootSite"
          }
        },
        "ASD/ASD Requests (af_ASD_ASDRequests)": {
          "defaultValue": "732ceb5e-3e08-480f-99d9-73769fd07252",
          "type": "String",
          "metadata": {
            "schemaName": "af_ASD_ASDRequests"
          }
        },
        "ASD/2842 Template Library (af_ASD_2842TemplateLibrary)": {
          "defaultValue": "1597139e-d990-4d14-8101-78d7f5715b80",
          "type": "String",
          "metadata": {
            "schemaName": "af_ASD_2842TemplateLibrary"
          }
        }
      },
      "triggers": {
        "manual": {
          "metadata": {
            "operationMetadataId": "175c091d-1c12-4346-8375-e881503b873d"
          },
          "type": "Request",
          "kind": "PowerAppV2",
          "inputs": {
            "schema": {
              "type": "object",
              "properties": {
                "number": {
                  "title": "ID",
                  "type": "number",
                  "x-ms-dynamically-added": true,
                  "description": "Enter the record ID",
                  "x-ms-content-hint": "NUMBER"
                }
              },
              "required": [
                "number"
              ]
            }
          }
        }
      },
      "actions": {
        "Get_item": {
          "runAfter": {},
          "metadata": {
            "operationMetadataId": "9050f00c-30ab-4d9e-a57e-baf05db2c55b"
          },
          "type": "OpenApiConnection",
          "inputs": {
            "host": {
              "connectionName": "shared_sharepointonline",
              "operationId": "GetItem",
              "apiId": "/providers/Microsoft.PowerApps/apis/shared_sharepointonline"
            },
            "parameters": {
              "dataset": "@parameters('ASD Root Site (af_ASDRootSite)')",
              "table": "@parameters('ASD/ASD Requests (af_ASD_ASDRequests)')",
              "id": "@triggerBody()['number']"
            },
            "authentication": "@parameters('$authentication')"
          }
        },
        "Respond_to_a_PowerApp_or_flow": {
          "runAfter": {
            "Delete_file_-_Clean_Up_Doc_in_OneDrive": [
              "Succeeded"
            ]
          },
          "metadata": {
            "operationMetadataId": "41182263-2740-42e4-bd79-d1af8ef0fb8e"
          },
          "type": "Response",
          "kind": "PowerApp",
          "inputs": {
            "statusCode": 200,
            "body": {
              "success": "@{true}"
            },
            "schema": {
              "type": "object",
              "properties": {
                "success": {
                  "title": "Success",
                  "x-ms-dynamically-added": true,
                  "type": "string"
                }
              }
            }
          }
        },
        "Get_Template_File_Content": {
          "runAfter": {
            "Get_item": [
              "Succeeded"
            ]
          },
          "metadata": {
            "%252fTemplateASDDD2875%252fTemplate-DD-2875%2bSAAR%2bfor%2bSharePoint.docx": "/TemplateASDDD2875/Template-DD-2875 SAAR for SharePoint.docx",
            "operationMetadataId": "44d3b6b0-a61e-4bd5-bb6f-dc3b24ed187c",
            "%252fTemplateASDDD2842%252fTemplate-DD2842.docx": "/TemplateASDDD2842/Template-DD2842.docx"
          },
          "type": "OpenApiConnection",
          "inputs": {
            "host": {
              "connectionName": "shared_sharepointonline",
              "operationId": "GetFileContent",
              "apiId": "/providers/Microsoft.PowerApps/apis/shared_sharepointonline"
            },
            "parameters": {
              "dataset": "@parameters('ASD Root Site (af_ASDRootSite)')",
              "id": "%252fTemplateASDDD2842%252fTemplate-DD2842.docx",
              "inferContentType": true
            },
            "authentication": "@parameters('$authentication')"
          }
        },
        "Initialize_variable_FileName": {
          "runAfter": {
            "Get_Template_File_Content": [
              "Succeeded"
            ]
          },
          "metadata": {
            "operationMetadataId": "dafb74b3-b08f-4542-85c4-82d4791cb6dc"
          },
          "type": "InitializeVariable",
          "inputs": {
            "variables": [
              {
                "name": "FileName",
                "type": "string",
                "value": "DD2842-@{outputs('Get_item')?['body/Title']}_@{formatDateTime(utcNow(), 'yyyyMMdd_HHmm')}"
              }
            ]
          }
        },
        "Create_file_from_Template": {
          "runAfter": {
            "Initialize_variable_FileName": [
              "Succeeded"
            ]
          },
          "metadata": {
            "operationMetadataId": "568357bb-6dc7-4b68-ac3a-add63f4ff23f"
          },
          "type": "OpenApiConnection",
          "inputs": {
            "host": {
              "connectionName": "shared_sharepointonline",
              "operationId": "CreateFile",
              "apiId": "/providers/Microsoft.PowerApps/apis/shared_sharepointonline"
            },
            "parameters": {
              "dataset": "@parameters('ASD Root Site (af_ASDRootSite)')",
              "folderPath": "/TemplateASDDD2842",
              "name": "@{variables('FileName')}.docx",
              "body": "@body('Get_Template_File_Content')"
            },
            "authentication": "@parameters('$authentication')"
          },
          "runtimeConfiguration": {
            "contentTransfer": {
              "transferMode": "Chunked"
            }
          }
        },
        "Get_file_content_from_Updated_Template": {
          "runAfter": {
            "Update_file_properties": [
              "Succeeded"
            ]
          },
          "metadata": {
            "operationMetadataId": "30f3a5fc-16df-4763-8c01-64af040b05ec"
          },
          "type": "OpenApiConnection",
          "inputs": {
            "host": {
              "connectionName": "shared_sharepointonline",
              "operationId": "GetFileContent",
              "apiId": "/providers/Microsoft.PowerApps/apis/shared_sharepointonline"
            },
            "parameters": {
              "dataset": "@parameters('ASD Root Site (af_ASDRootSite)')",
              "id": "@outputs('Update_file_properties')?['body/{Identifier}']",
              "inferContentType": true
            },
            "authentication": "@parameters('$authentication')"
          }
        },
        "Create_file_Word_Template": {
          "runAfter": {
            "Get_file_content_from_Updated_Template": [
              "Succeeded"
            ]
          },
          "metadata": {
            "operationMetadataId": "0fdb0776-eb87-4f4f-9be7-dfba8e4719b2"
          },
          "type": "OpenApiConnection",
          "inputs": {
            "host": {
              "connectionName": "shared_onedriveforbusiness",
              "operationId": "CreateFile",
              "apiId": "/providers/Microsoft.PowerApps/apis/shared_onedriveforbusiness"
            },
            "parameters": {
              "folderPath": "ASD/",
              "name": "@outputs('Update_file_properties')?['body/{FilenameWithExtension}']",
              "body": "@body('Get_file_content_from_Updated_Template')"
            },
            "authentication": "@parameters('$authentication')"
          },
          "runtimeConfiguration": {
            "contentTransfer": {
              "transferMode": "Chunked"
            }
          }
        },
        "Convert_file": {
          "runAfter": {
            "Create_file_Word_Template": [
              "Succeeded"
            ]
          },
          "metadata": {
            "operationMetadataId": "48c16660-45d6-4fdc-badf-6725efc33aa3"
          },
          "type": "OpenApiConnection",
          "inputs": {
            "host": {
              "connectionName": "shared_onedriveforbusiness",
              "operationId": "ConvertFile",
              "apiId": "/providers/Microsoft.PowerApps/apis/shared_onedriveforbusiness"
            },
            "parameters": {
              "id": "@outputs('Create_file_Word_Template')?['body/Id']",
              "type": "PDF"
            },
            "authentication": "@parameters('$authentication')"
          }
        },
        "Add_attachment": {
          "runAfter": {
            "Convert_file": [
              "Succeeded"
            ]
          },
          "metadata": {
            "operationMetadataId": "44a8a2ca-cc17-4eab-b438-4d7726f2a367"
          },
          "type": "OpenApiConnection",
          "inputs": {
            "host": {
              "connectionName": "shared_sharepointonline",
              "operationId": "CreateAttachment",
              "apiId": "/providers/Microsoft.PowerApps/apis/shared_sharepointonline"
            },
            "parameters": {
              "dataset": "@parameters('ASD Root Site (af_ASDRootSite)')",
              "table": "@parameters('ASD/ASD Requests (af_ASD_ASDRequests)')",
              "itemId": "@triggerBody()['number']",
              "displayName": "@{variables('FileName')}.pdf",
              "body": "@body('Convert_file')"
            },
            "authentication": "@parameters('$authentication')"
          }
        },
        "Delete_file_-_Clean_Up_Doc_in_Template_Library": {
          "runAfter": {
            "Add_attachment": [
              "Succeeded"
            ]
          },
          "metadata": {
            "operationMetadataId": "b055c39d-475e-4e96-ab30-905571862d71"
          },
          "type": "OpenApiConnection",
          "inputs": {
            "host": {
              "connectionName": "shared_sharepointonline",
              "operationId": "DeleteFile",
              "apiId": "/providers/Microsoft.PowerApps/apis/shared_sharepointonline"
            },
            "parameters": {
              "dataset": "@parameters('ASD Root Site (af_ASDRootSite)')",
              "id": "@outputs('Update_file_properties')?['body/{Identifier}']"
            },
            "authentication": "@parameters('$authentication')"
          }
        },
        "Delete_file_-_Clean_Up_Doc_in_OneDrive": {
          "runAfter": {
            "Delete_file_-_Clean_Up_Doc_in_Template_Library": [
              "Succeeded"
            ]
          },
          "metadata": {
            "operationMetadataId": "68584e2f-adaa-40c0-bf0e-7f5672234f47"
          },
          "type": "OpenApiConnection",
          "inputs": {
            "host": {
              "connectionName": "shared_onedriveforbusiness",
              "operationId": "DeleteFile",
              "apiId": "/providers/Microsoft.PowerApps/apis/shared_onedriveforbusiness"
            },
            "parameters": {
              "id": "@outputs('Create_file_Word_Template')?['body/Id']"
            },
            "authentication": "@parameters('$authentication')"
          }
        },
        "Update_file_properties": {
          "runAfter": {
            "Create_file_from_Template": [
              "Succeeded"
            ]
          },
          "metadata": {
            "operationMetadataId": "01c5ef40-62ad-4df0-9e04-2c38b777c959"
          },
          "type": "OpenApiConnection",
          "inputs": {
            "host": {
              "connectionName": "shared_sharepointonline",
              "operationId": "PatchFileItem",
              "apiId": "/providers/Microsoft.PowerApps/apis/shared_sharepointonline"
            },
            "parameters": {
              "dataset": "@parameters('ASD Root Site (af_ASDRootSite)')",
              "table": "@parameters('ASD/2842 Template Library (af_ASD_2842TemplateLibrary)')",
              "id": "@outputs('Create_file_from_Template')?['body/ItemId']",
              "item/OData__x0031__x002d_A_x002d_Name": "@{outputs('Get_item')?['body/LastName']}, @{outputs('Get_item')?['body/FirstName']} @{outputs('Get_item')?['body/MiddleInitial']}",
              "item/OData__x0031__x002d_B_x002d_EDIPI": "@outputs('Get_item')?['body/EDIPI']",
              "item/OData__x0031__x002d_C_x002d_Organization": "@outputs('Get_item')?['body/Organization']",
              "item/OData__x0031__x002d_D_x002d_Phone": "@outputs('Get_item')?['body/PhoneNumber']",
              "item/OData__x0031__x002d_E_x002d_Email": "@{outputs('Get_item')?['body/NIPREmail']}; @{outputs('Get_item')?['body/SIPREmail']}",
              "item/OData__x0031__x002d_F_x002d_1_x002d_Type": "CAC",
              "item/OData__x0031__x002d_F_x002d_2_x002d_Number": "@outputs('Get_item')?['body/EDIPI']",
              "item/OData__x0031__x002d_H_x002d_SubscriberSignature": "Digitally Signed by: @{outputs('Get_item')?['body/LastName']}, @{outputs('Get_item')?['body/FirstName']} @{outputs('Get_item')?['body/MiddleInitial']} (@{outputs('Get_item')?['body/NIPREmail']})",
              "item/OData__x0031__x002d_H_x002d_SubcriberSignatureDate": "@outputs('Get_item')?['body/UserSignatureDate']",
              "item/OData__x0032__x002d_A_x002d_Name": "@outputs('Get_item')?['body/ASDFinalReviewer']",
              "item/OData__x0032__x002d_B_x002d_Organization": "J6 Account Service Desk",
              "item/OData__x0032__x002d_C_x002d_Phone": "@outputs('Get_item')?['body/ASDFinalReviewerDSN']",
              "item/OData__x0032__x002d_D_x002d_Email": "@outputs('Get_item')?['body/ASDFinalReviewerEmail']",
              "item/OData__x0032__x002d_E_x002d_Signature": "Digitally Signed by: @{outputs('Get_item')?['body/ASDFinalReviewer']} (@{outputs('Get_item')?['body/ASDFinalReviewerEmail']})",
              "item/OData__x0032__x002d_E_x002d_SignatureDate": "@outputs('Get_item')?['body/ASDSignatureDate']"
            },
            "authentication": "@parameters('$authentication')"
          }
        }
      },
      "outputs": {}
    },
    "templateName": null
  },
  "schemaVersion": "1.0.0.0"
}