{
  "properties": {
    "connectionReferences": {},
    "definition": {
      "$schema": "https://schema.management.azure.com/providers/Microsoft.Logic/schemas/2016-06-01/workflowdefinition.json#",
      "contentVersion": "1.0.0.0",
      "parameters": {
        "$authentication": {
          "defaultValue": {},
          "type": "SecureObject"
        },
        "ASD Canvas Web Link (af_ASDCanvasWebLink)": {
          "defaultValue": "https://apps.powerapps.com/play/e541379e-a0d3-4440-92dc-e939f0978f1f?tenantId=75120bef-f9f7-4ae6-8fa0-8021d2117bd0",
          "type": "String",
          "metadata": {
            "schemaName": "af_ASDCanvasWebLink"
          }
        },
        "ASD/PowerBI Report Link (af_ASD_PowerBIReportLink)": {
          "defaultValue": "https://app.powerbi.com/reportEmbed?reportId=3d903aad-3fa5-4e72-865b-1563f164cc93&autoAuth=true&ctid=75120bef-f9f7-4ae6-8fa0-8021d2117bd0",
          "type": "String",
          "metadata": {
            "schemaName": "af_ASD_PowerBIReportLink",
            "description": "Power BI Online Service Report URL link"
          }
        }
      },
      "triggers": {
        "manual": {
          "metadata": {
            "operationMetadataId": "3cc8c403-49dd-4be9-8905-8b73772651f7"
          },
          "type": "Request",
          "kind": "PowerAppV2",
          "inputs": {
            "schema": {
              "type": "object",
              "properties": {},
              "required": []
            }
          }
        }
      },
      "actions": {
        "Respond_to_a_PowerApp_or_flow": {
          "runAfter": {},
          "metadata": {
            "operationMetadataId": "0a07ec8c-988b-45d9-9749-554e76bc79a3"
          },
          "type": "Response",
          "kind": "PowerApp",
          "inputs": {
            "statusCode": 200,
            "body": {
              "weblink": "@parameters('ASD Canvas Web Link (af_ASDCanvasWebLink)')",
              "powerbi": "@parameters('ASD/PowerBI Report Link (af_ASD_PowerBIReportLink)')"
            },
            "schema": {
              "type": "object",
              "properties": {
                "weblink": {
                  "title": "WebLink",
                  "x-ms-dynamically-added": true,
                  "type": "string"
                },
                "powerbi": {
                  "title": "PowerBI",
                  "x-ms-dynamically-added": true,
                  "type": "string"
                }
              }
            }
          }
        }
      }
    },
    "templateName": null
  },
  "schemaVersion": "1.0.0.0"
}