{
  "properties": {
    "connectionReferences": {
      "shared_sharepointonline_1": {
        "runtimeSource": "embedded",
        "connection": {
          "connectionReferenceLogicalName": "af_ASD_SharePointRef"
        },
        "api": {
          "name": "shared_sharepointonline"
        }
      },
      "shared_office365_1": {
        "runtimeSource": "embedded",
        "connection": {
          "connectionReferenceLogicalName": "af_ASD_Office365OutlookRef"
        },
        "api": {
          "name": "shared_office365"
        }
      }
    },
    "definition": {
      "$schema": "https://schema.management.azure.com/providers/Microsoft.Logic/schemas/2016-06-01/workflowdefinition.json#",
      "contentVersion": "1.0.0.0",
      "parameters": {
        "$connections": {
          "defaultValue": {},
          "type": "Object"
        },
        "$authentication": {
          "defaultValue": {},
          "type": "SecureObject"
        },
        "ASD Root Site (af_ASDRootSite)": {
          "defaultValue": "https://dod365.sharepoint-mil.us/sites/AFRICOM-J63-ASD",
          "type": "String",
          "metadata": {
            "schemaName": "af_ASDRootSite"
          }
        },
        "ASD/ASD Requests (af_ASD_ASDRequests)": {
          "defaultValue": "6bc5b4a6-83e3-4ade-a5ef-d496b60a43c1",
          "type": "String",
          "metadata": {
            "schemaName": "af_ASD_ASDRequests"
          }
        },
        "ASD/J6 Validators (af_ASD_J6Validators)": {
          "defaultValue": "bb7c9d14-1d99-4196-a045-0ec83d181edc",
          "type": "String",
          "metadata": {
            "schemaName": "af_ASD_J6Validators"
          }
        },
        "ASD Canvas Web Link (af_ASDCanvasWebLink)": {
          "defaultValue": "https://play.apps.appsplatform.us/play/e/40c43ab3-4cbf-4c24-87c2-bc47b0147aa8/a/d18aabed-e08d-4d68-859b-3d12d8cf8900?tenantId=102d0191-eeae-4761-b1cb-1a83e86ef445",
          "type": "String",
          "metadata": {
            "schemaName": "af_ASDCanvasWebLink"
          }
        },
        "ASD/Security Managers (af_ASD_SecurityManagers)": {
          "defaultValue": "0c4f02b9-f668-41a8-9752-e999b50092ab",
          "type": "String",
          "metadata": {
            "schemaName": "af_ASD_SecurityManagers"
          }
        },
        "ASD/ASD Administrators (af_ASD_ASDAdministrators)": {
          "defaultValue": "ff0c56b8-8ca3-40d7-9d48-e2153a7472e9",
          "type": "String",
          "metadata": {
            "schemaName": "af_ASD_ASDAdministrators"
          }
        },
        "ASD Flow Sender Email (af_ASDFlowSenderEmail)": {
          "defaultValue": "africom.stuttgart.acj6.mbx.asd-account-requests@mail.mil",
          "type": "String",
          "metadata": {
            "schemaName": "af_ASDFlowSenderEmail",
            "description": "the email address that will be sending emails from"
          }
        },
        "ASD/IA Administrators (af_ASD_IAAdministrators)": {
          "defaultValue": "279c0567-208e-473f-a00a-41f01457e4ca",
          "type": "String",
          "metadata": {
            "schemaName": "af_ASD_IAAdministrators"
          }
        },
        "ASD/Secured SSN (af_ASD_SecuredSSN)": {
          "defaultValue": "657aa05f-7e59-4ed3-9543-0715155fa400",
          "type": "String",
          "metadata": {
            "schemaName": "af_ASD_SecuredSSN"
          }
        }
      },
      "triggers": {
        "When_an_item_is_created_or_modified": {
          "recurrence": {
            "interval": 1,
            "frequency": "Minute"
          },
          "splitOn": "@triggerOutputs()?['body/value']",
          "metadata": {
            "operationMetadataId": "b5642ea9-38f2-4284-b0cb-a2aaa5f84463"
          },
          "type": "OpenApiConnection",
          "inputs": {
            "host": {
              "connectionName": "shared_sharepointonline_1",
              "operationId": "GetOnUpdatedItems",
              "apiId": "/providers/Microsoft.PowerApps/apis/shared_sharepointonline"
            },
            "parameters": {
              "dataset": "@parameters('ASD Root Site (af_ASDRootSite)')",
              "table": "@parameters('ASD/ASD Requests (af_ASD_ASDRequests)')"
            },
            "authentication": "@parameters('$authentication')"
          }
        }
      },
      "actions": {
        "Get_changes_for_an_item_or_a_file_(properties_only)": {
          "runAfter": {},
          "metadata": {
            "operationMetadataId": "23629795-469b-43f0-8e17-7902dbe07c00"
          },
          "type": "OpenApiConnection",
          "inputs": {
            "host": {
              "connectionName": "shared_sharepointonline_1",
              "operationId": "GetItemChanges",
              "apiId": "/providers/Microsoft.PowerApps/apis/shared_sharepointonline"
            },
            "parameters": {
              "dataset": "@parameters('ASD Root Site (af_ASDRootSite)')",
              "table": "@parameters('ASD/ASD Requests (af_ASD_ASDRequests)')",
              "id": "@triggerOutputs()?['body/ID']",
              "since": "@triggerOutputs()?['body/{TriggerWindowStartToken}']",
              "until": "@triggerOutputs()?['body/{TriggerWindowEndToken}']",
              "includeDrafts": false
            },
            "authentication": "@parameters('$authentication')"
          }
        },
        "Status_Reason_Changed_AND_Submitted": {
          "actions": {
            "Authorized_or_Privileged_Account": {
              "actions": {
                "Get_J6_Validators_List": {
                  "runAfter": {
                    "Update_Status_to_J6_Validation": [
                      "Succeeded"
                    ]
                  },
                  "metadata": {
                    "operationMetadataId": "dcadca90-1fe0-4dba-b0d5-7f30bcef4662"
                  },
                  "type": "OpenApiConnection",
                  "inputs": {
                    "host": {
                      "connectionName": "shared_sharepointonline_1",
                      "operationId": "GetItems",
                      "apiId": "/providers/Microsoft.PowerApps/apis/shared_sharepointonline"
                    },
                    "parameters": {
                      "dataset": "@parameters('ASD Root Site (af_ASDRootSite)')",
                      "table": "@parameters('ASD/J6 Validators (af_ASD_J6Validators)')",
                      "$filter": "Admin ne null"
                    },
                    "authentication": "@parameters('$authentication')"
                  }
                },
                "Update_Variable_with_All_J6_Validator_Emails": {
                  "foreach": "@outputs('Get_J6_Validators_List')?['body/value']",
                  "actions": {
                    "Append_all_Emails_to_String": {
                      "runAfter": {},
                      "metadata": {
                        "operationMetadataId": "b6daca7c-8857-464b-b3d4-cf8f839d6736"
                      },
                      "type": "AppendToStringVariable",
                      "inputs": {
                        "name": "Email_List",
                        "value": "@{items('Update_Variable_with_All_J6_Validator_Emails')?['Admin/Email']};"
                      }
                    }
                  },
                  "runAfter": {
                    "Get_J6_Validators_List": [
                      "Succeeded"
                    ]
                  },
                  "metadata": {
                    "operationMetadataId": "4b7847a1-1456-4d8b-898a-9f1ac8545ade"
                  },
                  "type": "Foreach"
                },
                "Update_Status_to_J6_Validation": {
                  "runAfter": {},
                  "metadata": {
                    "operationMetadataId": "0ba4b115-a1ea-41f6-a329-de071121ed32"
                  },
                  "type": "OpenApiConnection",
                  "inputs": {
                    "host": {
                      "connectionName": "shared_sharepointonline_1",
                      "operationId": "PatchItem",
                      "apiId": "/providers/Microsoft.PowerApps/apis/shared_sharepointonline"
                    },
                    "parameters": {
                      "dataset": "@parameters('ASD Root Site (af_ASDRootSite)')",
                      "table": "@parameters('ASD/ASD Requests (af_ASD_ASDRequests)')",
                      "id": "@triggerOutputs()?['body/ID']",
                      "item/LastName": "@triggerOutputs()?['body/LastName']",
                      "item/FirstName": "@triggerOutputs()?['body/FirstName']",
                      "item/RankName": "@triggerOutputs()?['body/RankName']",
                      "item/EDIPI": "@triggerOutputs()?['body/EDIPI']",
                      "item/Organization": "@triggerOutputs()?['body/Organization']",
                      "item/NIPREmail": "@triggerOutputs()?['body/NIPREmail']",
                      "item/Affiliation": "@triggerOutputs()?['body/Affiliation']",
                      "item/Status/Value": "Active",
                      "item/StatusReason/Value": "J6 Validation",
                      "item/SSN": "@triggerOutputs()?['body/SSN']"
                    },
                    "authentication": "@parameters('$authentication')"
                  }
                },
                "Append_All_Domain_Enclaves_to_String": {
                  "foreach": "@triggerOutputs()?['body/Domain']",
                  "actions": {
                    "Append_All_Enclaves_to_String": {
                      "runAfter": {
                        "Parse_JSON": [
                          "Succeeded"
                        ]
                      },
                      "metadata": {
                        "operationMetadataId": "3a2cb022-6f75-40b9-9276-4d3a67ba9716"
                      },
                      "type": "AppendToStringVariable",
                      "inputs": {
                        "name": "Enclaves",
                        "value": "@{body('Parse_JSON')?['Value']}, "
                      }
                    },
                    "Parse_JSON": {
                      "runAfter": {},
                      "metadata": {
                        "operationMetadataId": "900a8c85-ec5a-49c8-b2b3-f20ac59530e4"
                      },
                      "type": "ParseJson",
                      "inputs": {
                        "content": "@items('Append_All_Domain_Enclaves_to_String')",
                        "schema": {
                          "type": "object",
                          "properties": {
                            "@@odata.type": {
                              "type": "string"
                            },
                            "Id": {
                              "type": "integer"
                            },
                            "Value": {
                              "type": "string"
                            }
                          }
                        }
                      }
                    }
                  },
                  "runAfter": {
                    "Update_Variable_with_All_J6_Validator_Emails": [
                      "Succeeded"
                    ]
                  },
                  "metadata": {
                    "operationMetadataId": "99bb72fd-887e-4acf-b3f4-7e8a6ba37f9c"
                  },
                  "type": "Foreach"
                },
                "Append_All_Admin_Account_Types_to_String": {
                  "foreach": "@outputs('Update_Status_to_J6_Validation')?['body/AdminAccountTypes']",
                  "actions": {
                    "Append_to_string_variable": {
                      "runAfter": {
                        "Parse_JSON_2": [
                          "Succeeded"
                        ]
                      },
                      "metadata": {
                        "operationMetadataId": "2b7897e3-ee15-4d80-9c21-77253b926e3a"
                      },
                      "type": "AppendToStringVariable",
                      "inputs": {
                        "name": "Admin_Account_Types",
                        "value": "@{body('Parse_JSON_2')?['Value']}, "
                      }
                    },
                    "Parse_JSON_2": {
                      "runAfter": {},
                      "metadata": {
                        "operationMetadataId": "fe7a27b6-530c-42c9-b6c4-af321a6bb986"
                      },
                      "type": "ParseJson",
                      "inputs": {
                        "content": "@items('Append_All_Admin_Account_Types_to_String')",
                        "schema": {
                          "type": "object",
                          "properties": {
                            "@@odata.type": {
                              "type": "string"
                            },
                            "Id": {
                              "type": "integer"
                            },
                            "Value": {
                              "type": "string"
                            }
                          }
                        }
                      }
                    }
                  },
                  "runAfter": {
                    "Append_All_Domain_Enclaves_to_String": [
                      "Succeeded"
                    ]
                  },
                  "metadata": {
                    "operationMetadataId": "29192111-66df-4c70-bcc6-390cfe729e34"
                  },
                  "type": "Foreach"
                },
                "Append_J6_to_Deep_Link": {
                  "runAfter": {
                    "Append_All_Admin_Account_Types_to_String": [
                      "Succeeded"
                    ]
                  },
                  "metadata": {
                    "operationMetadataId": "a5dcdec9-631a-4be1-a2e4-1a9ee70fc7e4"
                  },
                  "type": "AppendToStringVariable",
                  "inputs": {
                    "name": "Deep_Link",
                    "value": "Info&hidenavbar=true\">TAKE ACTION</a>"
                  }
                },
                "Send_an_email_from_a_shared_mailbox_(V2)": {
                  "runAfter": {
                    "Append_J6_to_Deep_Link": [
                      "Succeeded"
                    ]
                  },
                  "metadata": {
                    "operationMetadataId": "0d3350d6-3866-4746-a2e6-107316de2fc5"
                  },
                  "type": "OpenApiConnection",
                  "inputs": {
                    "host": {
                      "connectionName": "shared_office365_1",
                      "operationId": "SharedMailboxSendEmailV2",
                      "apiId": "/providers/Microsoft.PowerApps/apis/shared_office365"
                    },
                    "parameters": {
                      "emailMessage/MailboxAddress": "@parameters('ASD Flow Sender Email (af_ASDFlowSenderEmail)')",
                      "emailMessage/To": "@variables('Email_List')",
                      "emailMessage/Subject": "For Action: New ASD Privileged Account Request",
                      "emailMessage/Body": "<p><b><strong>ACTION REQUIRED</strong></b> </p><br><p>A new request for an administrative account has been submitted. It is now pending J6 Validation before it can proceed. </p><p>Details below: </p><br><p>Name &amp; Designation: @{triggerOutputs()?['body/Title']} </p><p>Organization: @{triggerOutputs()?['body/Organization']} </p><p>Directorate: @{triggerOutputs()?['body/Directorate']} </p><p>Division: @{triggerOutputs()?['body/Department']} </p><p>Work Location: @{triggerOutputs()?['body/WorkLocation']} </p><p>Account Enclaves: @{variables('Enclaves')} </p><p>Admin Account Types Requested: @{variables('Admin_Account_Types')} </p><p>Sponsor:@{triggerOutputs()?['body/Sponsor/DisplayName']} </p><p>Sponsor Organization: @{triggerOutputs()?['body/SponsorOrganization']} </p><p>Sponsor Justification: @{triggerOutputs()?['body/SponsorJustification']} </p><br><p>Please log in or use the link below to take action on the account request.</p><br><p>@{variables('Deep_Link')}</p>",
                      "emailMessage/ReplyTo": "donotreply@mail.mil",
                      "emailMessage/Importance": "High"
                    },
                    "authentication": "@parameters('$authentication')"
                  }
                }
              },
              "runAfter": {},
              "else": {
                "actions": {
                  "Update_Status_to_Security_Manager_Review": {
                    "runAfter": {},
                    "metadata": {
                      "operationMetadataId": "0ba4b115-a1ea-41f6-a329-de071121ed32"
                    },
                    "type": "OpenApiConnection",
                    "inputs": {
                      "host": {
                        "connectionName": "shared_sharepointonline_1",
                        "operationId": "PatchItem",
                        "apiId": "/providers/Microsoft.PowerApps/apis/shared_sharepointonline"
                      },
                      "parameters": {
                        "dataset": "@parameters('ASD Root Site (af_ASDRootSite)')",
                        "table": "@parameters('ASD/ASD Requests (af_ASD_ASDRequests)')",
                        "id": "@triggerOutputs()?['body/ID']",
                        "item/LastName": "@triggerOutputs()?['body/LastName']",
                        "item/FirstName": "@triggerOutputs()?['body/FirstName']",
                        "item/RankName": "@triggerOutputs()?['body/RankName']",
                        "item/EDIPI": "@triggerOutputs()?['body/EDIPI']",
                        "item/Organization": "@triggerOutputs()?['body/Organization']",
                        "item/NIPREmail": "@triggerOutputs()?['body/NIPREmail']",
                        "item/Affiliation": "@triggerOutputs()?['body/Affiliation']",
                        "item/Status/Value": "Active",
                        "item/StatusReason/Value": "Security Manager",
                        "item/SSN": "@triggerOutputs()?['body/SSN']"
                      },
                      "authentication": "@parameters('$authentication')"
                    }
                  },
                  "Security_Manager_ForEach": {
                    "foreach": "@outputs('Compose')",
                    "actions": {
                      "Append_to_string_variable_2": {
                        "runAfter": {},
                        "metadata": {
                          "operationMetadataId": "bd1ac46a-b064-466a-ba7b-c1643a6e2261"
                        },
                        "type": "AppendToStringVariable",
                        "inputs": {
                          "name": "Email_List",
                          "value": "@{items('Security_Manager_ForEach')?['Email']};"
                        }
                      }
                    },
                    "runAfter": {
                      "Compose": [
                        "Succeeded"
                      ]
                    },
                    "metadata": {
                      "operationMetadataId": "94e7811d-b992-47f6-8ff5-baffe56d385a"
                    },
                    "type": "Foreach"
                  },
                  "Get_Security_Managers_for_Org": {
                    "runAfter": {
                      "Update_Status_to_Security_Manager_Review": [
                        "Succeeded"
                      ]
                    },
                    "metadata": {
                      "operationMetadataId": "19074a61-4fac-4c36-a3b8-0cceeff37e1c"
                    },
                    "type": "OpenApiConnection",
                    "inputs": {
                      "host": {
                        "connectionName": "shared_sharepointonline_1",
                        "operationId": "GetItems",
                        "apiId": "/providers/Microsoft.PowerApps/apis/shared_sharepointonline"
                      },
                      "parameters": {
                        "dataset": "@parameters('ASD Root Site (af_ASDRootSite)')",
                        "table": "@parameters('ASD/Security Managers (af_ASD_SecurityManagers)')",
                        "$filter": "(DISS eq '1') and (Departments/Title eq '@{triggerOutputs()?['body/Directorate']}')"
                      },
                      "authentication": "@parameters('$authentication')"
                    }
                  },
                  "Append_All_Domain_Enclaves_to_String_2": {
                    "foreach": "@triggerOutputs()?['body/Domain']",
                    "actions": {
                      "Append_All_Enclaves_to_String_2": {
                        "runAfter": {
                          "Parse_JSON_3": [
                            "Succeeded"
                          ]
                        },
                        "metadata": {
                          "operationMetadataId": "3a2cb022-6f75-40b9-9276-4d3a67ba9716"
                        },
                        "type": "AppendToStringVariable",
                        "inputs": {
                          "name": "Enclaves",
                          "value": "@{body('Parse_JSON_3')?['Value']}, "
                        }
                      },
                      "Parse_JSON_3": {
                        "runAfter": {},
                        "metadata": {
                          "operationMetadataId": "900a8c85-ec5a-49c8-b2b3-f20ac59530e4"
                        },
                        "type": "ParseJson",
                        "inputs": {
                          "content": "@items('Append_All_Domain_Enclaves_to_String_2')",
                          "schema": {
                            "type": "object",
                            "properties": {
                              "@@odata.type": {
                                "type": "string"
                              },
                              "Id": {
                                "type": "integer"
                              },
                              "Value": {
                                "type": "string"
                              }
                            }
                          }
                        }
                      }
                    },
                    "runAfter": {
                      "Security_Manager_ForEach": [
                        "Succeeded"
                      ]
                    },
                    "metadata": {
                      "operationMetadataId": "99bb72fd-887e-4acf-b3f4-7e8a6ba37f9c"
                    },
                    "type": "Foreach"
                  },
                  "Select": {
                    "runAfter": {
                      "Get_Security_Managers_for_Org": [
                        "Succeeded"
                      ]
                    },
                    "metadata": {
                      "operationMetadataId": "932aed37-edf0-41e1-9da7-b2647f49738a"
                    },
                    "type": "Select",
                    "inputs": {
                      "from": "@outputs('Get_Security_Managers_for_Org')?['body/value']",
                      "select": {
                        "Email": "@item()?['NIPR_x0020_Email']"
                      }
                    }
                  },
                  "Compose": {
                    "runAfter": {
                      "Select": [
                        "Succeeded"
                      ]
                    },
                    "metadata": {
                      "operationMetadataId": "24b406bb-418a-4948-a7f5-436f87d3baa7"
                    },
                    "type": "Compose",
                    "inputs": "@union(body('Select'),body('Select'))"
                  },
                  "Append_SM_to_Deep_Link": {
                    "runAfter": {
                      "Append_All_Domain_Enclaves_to_String_2": [
                        "Succeeded"
                      ]
                    },
                    "metadata": {
                      "operationMetadataId": "73186c1e-6d7a-4f5e-bbd9-6deed52d71e1"
                    },
                    "type": "AppendToStringVariable",
                    "inputs": {
                      "name": "Deep_Link",
                      "value": "SM&hidenavbar=true\">TAKE ACTION</a>"
                    }
                  },
                  "Send_an_email_from_a_shared_mailbox_(V2)_1": {
                    "runAfter": {
                      "Append_SM_to_Deep_Link": [
                        "Succeeded"
                      ]
                    },
                    "metadata": {
                      "operationMetadataId": "66854936-840c-4790-80ac-065431afc112"
                    },
                    "type": "OpenApiConnection",
                    "inputs": {
                      "host": {
                        "connectionName": "shared_office365_1",
                        "operationId": "SharedMailboxSendEmailV2",
                        "apiId": "/providers/Microsoft.PowerApps/apis/shared_office365"
                      },
                      "parameters": {
                        "emailMessage/MailboxAddress": "@parameters('ASD Flow Sender Email (af_ASDFlowSenderEmail)')",
                        "emailMessage/To": "@variables('Email_List')",
                        "emailMessage/Subject": "For Action: New ASD Authorized Account Request // @{triggerOutputs()?['body/Title']}",
                        "emailMessage/Body": "<p><b><strong>ACTION REQUIRED</strong></b> </p><br><p>A new request for an authorized account has been submitted. It is now pending Security Manager review before it can proceed. </p><p>Please see details below: </p><br><p>Name &amp; Designation: @{triggerOutputs()?['body/Title']} </p><p>Organization: @{outputs('Update_Status_to_Security_Manager_Review')?['body/Organization']}</p><p>Directorate: @{triggerOutputs()?['body/Directorate']} </p><p>Division: @{triggerOutputs()?['body/Department']} </p><p>Work Location: @{triggerOutputs()?['body/WorkLocation']} </p><p>Account Enclaves: @{variables('Enclaves')} </p><p>Sponsor: @{triggerOutputs()?['body/Sponsor/DisplayName']} </p><p>Sponsor Organization: @{triggerOutputs()?['body/SponsorOrganization']} </p><br><p>Please log in or use the link below to take action on the account request.</p><br><p>@{variables('Deep_Link')}</p>",
                        "emailMessage/ReplyTo": "donotreply@mail.mil",
                        "emailMessage/Importance": "High"
                      },
                      "authentication": "@parameters('$authentication')"
                    }
                  }
                }
              },
              "expression": {
                "equals": [
                  "@triggerOutputs()?['body/AccountType/Value']",
                  "Privileged Account"
                ]
              },
              "metadata": {
                "operationMetadataId": "e205f25b-afa6-41c3-8bf0-2e3c509448cd"
              },
              "type": "If"
            }
          },
          "runAfter": {
            "Initialize_variable_Deep_Link": [
              "Succeeded"
            ]
          },
          "expression": {
            "and": [
              {
                "equals": [
                  "@outputs('Get_changes_for_an_item_or_a_file_(properties_only)')?['body/ColumnHasChanged/StatusReason']",
                  "@true"
                ]
              },
              {
                "equals": [
                  "@triggerOutputs()?['body/StatusReason/Value']",
                  "Submitted"
                ]
              }
            ]
          },
          "metadata": {
            "operationMetadataId": "c994bcb3-1602-4842-a758-98ef36bd0992"
          },
          "type": "If"
        },
        "Initialize_variable_Email_List": {
          "runAfter": {
            "Get_changes_for_an_item_or_a_file_(properties_only)": [
              "Succeeded"
            ]
          },
          "metadata": {
            "operationMetadataId": "fb81aa0e-fbd9-4114-a6ce-a96914581a0e"
          },
          "type": "InitializeVariable",
          "inputs": {
            "variables": [
              {
                "name": "Email_List",
                "type": "string"
              }
            ]
          }
        },
        "Initialize_variable_Enclaves": {
          "runAfter": {
            "Initialize_variable_Email_List": [
              "Succeeded"
            ]
          },
          "metadata": {
            "operationMetadataId": "51931b37-c1cd-4023-bf9d-d81378a69c43"
          },
          "type": "InitializeVariable",
          "inputs": {
            "variables": [
              {
                "name": "Enclaves",
                "type": "string"
              }
            ]
          }
        },
        "Initialize_variable_Admin_Account_Types": {
          "runAfter": {
            "Initialize_variable_Enclaves": [
              "Succeeded"
            ]
          },
          "metadata": {
            "operationMetadataId": "bbe8080b-870f-458a-bc56-3b2f778e5714"
          },
          "type": "InitializeVariable",
          "inputs": {
            "variables": [
              {
                "name": "Admin_Account_Types",
                "type": "string"
              }
            ]
          }
        },
        "Initialize_variable_Deep_Link": {
          "runAfter": {
            "Initialize_variable_Admin_Account_Types": [
              "Succeeded"
            ]
          },
          "metadata": {
            "operationMetadataId": "b0650fbd-dfad-4232-b082-b02cc04e0a48"
          },
          "type": "InitializeVariable",
          "inputs": {
            "variables": [
              {
                "name": "Deep_Link",
                "type": "string",
                "value": "<a href=\"@{parameters('ASD Canvas Web Link (af_ASDCanvasWebLink)')}&ID=@{triggerOutputs()?['body/ID']}&Screen="
              }
            ]
          }
        },
        "Status_Reason_Changed_AND_J6_Signed_Off": {
          "actions": {
            "Append_All_Domain_Enclaves": {
              "foreach": "@triggerOutputs()?['body/Domain']",
              "actions": {
                "Append_All_Enclaves_to_String_4": {
                  "runAfter": {
                    "Parse_JSON_6": [
                      "Succeeded"
                    ]
                  },
                  "metadata": {
                    "operationMetadataId": "3a2cb022-6f75-40b9-9276-4d3a67ba9716"
                  },
                  "type": "AppendToStringVariable",
                  "inputs": {
                    "name": "Enclaves",
                    "value": "@{body('Parse_JSON_6')?['Value']}, "
                  }
                },
                "Parse_JSON_6": {
                  "runAfter": {},
                  "metadata": {
                    "operationMetadataId": "900a8c85-ec5a-49c8-b2b3-f20ac59530e4"
                  },
                  "type": "ParseJson",
                  "inputs": {
                    "content": "@items('Append_All_Domain_Enclaves')",
                    "schema": {
                      "type": "object",
                      "properties": {
                        "@@odata.type": {
                          "type": "string"
                        },
                        "Id": {
                          "type": "integer"
                        },
                        "Value": {
                          "type": "string"
                        }
                      }
                    }
                  }
                }
              },
              "runAfter": {
                "Security_Manager_ForEach_2": [
                  "Succeeded"
                ]
              },
              "metadata": {
                "operationMetadataId": "99bb72fd-887e-4acf-b3f4-7e8a6ba37f9c"
              },
              "type": "Foreach"
            },
            "Security_Manager_ForEach_2": {
              "foreach": "@outputs('Compose_2')",
              "actions": {
                "Create_List_of_Distinct_Email_Addresses_2": {
                  "runAfter": {},
                  "metadata": {
                    "operationMetadataId": "4440c801-29fd-4d87-895a-983658b9cb80"
                  },
                  "type": "AppendToStringVariable",
                  "inputs": {
                    "name": "Email_List",
                    "value": "@{items('Security_Manager_ForEach_2')?['Email']};"
                  }
                }
              },
              "runAfter": {
                "Compose_2": [
                  "Succeeded"
                ]
              },
              "metadata": {
                "operationMetadataId": "94e7811d-b992-47f6-8ff5-baffe56d385a"
              },
              "type": "Foreach"
            },
            "Compose_2": {
              "runAfter": {
                "Select_2": [
                  "Succeeded"
                ]
              },
              "metadata": {
                "operationMetadataId": "24b406bb-418a-4948-a7f5-436f87d3baa7"
              },
              "type": "Compose",
              "inputs": "@union(body('Select_2'), body('Select_2'))"
            },
            "Select_2": {
              "runAfter": {
                "Get_Security_Managers": [
                  "Succeeded"
                ]
              },
              "metadata": {
                "operationMetadataId": "932aed37-edf0-41e1-9da7-b2647f49738a"
              },
              "type": "Select",
              "inputs": {
                "from": "@outputs('Get_Security_Managers')?['body/value']",
                "select": {
                  "Email": "@item()?['NIPR_x0020_Email']"
                }
              }
            },
            "Get_Security_Managers": {
              "runAfter": {},
              "metadata": {
                "operationMetadataId": "19074a61-4fac-4c36-a3b8-0cceeff37e1c"
              },
              "type": "OpenApiConnection",
              "inputs": {
                "host": {
                  "connectionName": "shared_sharepointonline_1",
                  "operationId": "GetItems",
                  "apiId": "/providers/Microsoft.PowerApps/apis/shared_sharepointonline"
                },
                "parameters": {
                  "dataset": "@parameters('ASD Root Site (af_ASDRootSite)')",
                  "table": "@parameters('ASD/Security Managers (af_ASD_SecurityManagers)')",
                  "$filter": "(DISS eq '1') and (Departments/Title eq '@{triggerOutputs()?['body/Directorate']}')"
                },
                "authentication": "@parameters('$authentication')"
              }
            },
            "Append_SM_to_Deep_Link_2": {
              "runAfter": {
                "Append_All_Domain_Enclaves": [
                  "Succeeded"
                ]
              },
              "metadata": {
                "operationMetadataId": "b9ad6887-f799-47ac-bb31-c80389cde331"
              },
              "type": "AppendToStringVariable",
              "inputs": {
                "name": "Deep_Link",
                "value": "SM&hidenavbar=true\">TAKE ACTION</a>"
              }
            },
            "Send_an_email_from_a_shared_mailbox_(V2)_2": {
              "runAfter": {
                "Append_SM_to_Deep_Link_2": [
                  "Succeeded"
                ]
              },
              "metadata": {
                "operationMetadataId": "862a7a04-c5ea-4ce0-ba53-fe3baaf988c6"
              },
              "type": "OpenApiConnection",
              "inputs": {
                "host": {
                  "connectionName": "shared_office365_1",
                  "operationId": "SharedMailboxSendEmailV2",
                  "apiId": "/providers/Microsoft.PowerApps/apis/shared_office365"
                },
                "parameters": {
                  "emailMessage/MailboxAddress": "@parameters('ASD Flow Sender Email (af_ASDFlowSenderEmail)')",
                  "emailMessage/To": "@variables('Email_List')",
                  "emailMessage/Subject": "For Action: New ASD Privileged Account Request // @{triggerOutputs()?['body/Title']}",
                  "emailMessage/Body": "<p><b><strong>ACTION REQUIRED</strong></b> </p><br><p>A new request for a privileged account has been submitted. It is now pending Security Manager review before it can proceed. </p><p>Please see details below: </p><br><p>Name &amp; Designation: @{triggerOutputs()?['body/Title']} </p><p>Organization: @{triggerOutputs()?['body/Organization']}</p><p>Directorate: @{triggerOutputs()?['body/Directorate']} </p><p>Division: @{triggerOutputs()?['body/Department']} </p><p>Work Location: @{triggerOutputs()?['body/WorkLocation']} </p><p>Account Enclaves: @{variables('Enclaves')} </p><p>Sponsor: @{triggerOutputs()?['body/Sponsor/DisplayName']} </p><p>Sponsor Organization: @{triggerOutputs()?['body/SponsorOrganization']} </p><br><p>Please log in or use the link below to take action on the account request.</p><br><p>@{variables('Deep_Link')}</p>",
                  "emailMessage/ReplyTo": "donotreply@mail.mil",
                  "emailMessage/Importance": "High"
                },
                "authentication": "@parameters('$authentication')"
              }
            }
          },
          "runAfter": {
            "Initialize_variable_Deep_Link": [
              "Succeeded"
            ]
          },
          "expression": {
            "and": [
              {
                "equals": [
                  "@outputs('Get_changes_for_an_item_or_a_file_(properties_only)')?['body/ColumnHasChanged/StatusReason']",
                  "@true"
                ]
              },
              {
                "equals": [
                  "@triggerOutputs()?['body/StatusReason/Value']",
                  "Security Manager"
                ]
              },
              {
                "equals": [
                  "@outputs('Get_changes_for_an_item_or_a_file_(properties_only)')?['body/ColumnHasChanged/J6DeterminationDate']",
                  "@true"
                ]
              },
              {
                "not": {
                  "equals": [
                    "@triggerOutputs()?['body/J6DeterminationDate']",
                    "@null"
                  ]
                }
              }
            ]
          },
          "metadata": {
            "operationMetadataId": "c994bcb3-1602-4842-a758-98ef36bd0992"
          },
          "type": "If"
        },
        "Status_Reason_ASD_Initial": {
          "actions": {
            "Append_All_Domain_Enclaves_2": {
              "foreach": "@triggerOutputs()?['body/Domain']",
              "actions": {
                "Append_All_Enclaves_to_String_3": {
                  "runAfter": {
                    "Parse_JSON_4": [
                      "Succeeded"
                    ]
                  },
                  "metadata": {
                    "operationMetadataId": "3a2cb022-6f75-40b9-9276-4d3a67ba9716"
                  },
                  "type": "AppendToStringVariable",
                  "inputs": {
                    "name": "Enclaves",
                    "value": "@{body('Parse_JSON_4')?['Value']}, "
                  }
                },
                "Parse_JSON_4": {
                  "runAfter": {},
                  "metadata": {
                    "operationMetadataId": "900a8c85-ec5a-49c8-b2b3-f20ac59530e4"
                  },
                  "type": "ParseJson",
                  "inputs": {
                    "content": "@items('Append_All_Domain_Enclaves_2')",
                    "schema": {
                      "type": "object",
                      "properties": {
                        "@@odata.type": {
                          "type": "string"
                        },
                        "Id": {
                          "type": "integer"
                        },
                        "Value": {
                          "type": "string"
                        }
                      }
                    }
                  }
                }
              },
              "runAfter": {
                "ForEach_ASD_Admin": [
                  "Succeeded"
                ]
              },
              "metadata": {
                "operationMetadataId": "99bb72fd-887e-4acf-b3f4-7e8a6ba37f9c"
              },
              "type": "Foreach"
            },
            "ForEach_ASD_Admin": {
              "foreach": "@outputs('Get_ASD_Admins')?['body/value']",
              "actions": {
                "Create_List_of_Distinct_Email_Addresses_3": {
                  "runAfter": {},
                  "metadata": {
                    "operationMetadataId": "4440c801-29fd-4d87-895a-983658b9cb80"
                  },
                  "type": "AppendToStringVariable",
                  "inputs": {
                    "name": "Email_List",
                    "value": "@{items('ForEach_ASD_Admin')?['Admin/Email']};"
                  }
                }
              },
              "runAfter": {
                "Get_ASD_Admins": [
                  "Succeeded"
                ]
              },
              "metadata": {
                "operationMetadataId": "94e7811d-b992-47f6-8ff5-baffe56d385a"
              },
              "type": "Foreach"
            },
            "Get_ASD_Admins": {
              "runAfter": {},
              "metadata": {
                "operationMetadataId": "19074a61-4fac-4c36-a3b8-0cceeff37e1c"
              },
              "type": "OpenApiConnection",
              "inputs": {
                "host": {
                  "connectionName": "shared_sharepointonline_1",
                  "operationId": "GetItems",
                  "apiId": "/providers/Microsoft.PowerApps/apis/shared_sharepointonline"
                },
                "parameters": {
                  "dataset": "@parameters('ASD Root Site (af_ASDRootSite)')",
                  "table": "@parameters('ASD/ASD Administrators (af_ASD_ASDAdministrators)')",
                  "$filter": "(Admin ne null) and (Location/Title eq '@{triggerOutputs()?['body/WorkLocation']}')"
                },
                "authentication": "@parameters('$authentication')"
              }
            },
            "Append_ASD1_to_Deep_Link": {
              "runAfter": {
                "Append_All_Domain_Enclaves_2": [
                  "Succeeded"
                ]
              },
              "metadata": {
                "operationMetadataId": "211a8cb8-52cf-4741-a4d2-bdf8a0259d9d"
              },
              "type": "AppendToStringVariable",
              "inputs": {
                "name": "Deep_Link",
                "value": "ASD1&hidenavbar=true\">TAKE ACTION</a>"
              }
            },
            "Condition_2": {
              "actions": {
                "ForEach_ASD_Admin_2": {
                  "foreach": "@outputs('Get_Stuttgart_Admins')?['body/value']",
                  "actions": {
                    "Create_List_of_Distinct_Email_Addresses": {
                      "runAfter": {},
                      "metadata": {
                        "operationMetadataId": "4440c801-29fd-4d87-895a-983658b9cb80"
                      },
                      "type": "AppendToStringVariable",
                      "inputs": {
                        "name": "Email_List",
                        "value": "@{items('ForEach_ASD_Admin_2')?['Admin/Email']};"
                      }
                    }
                  },
                  "runAfter": {
                    "Get_Stuttgart_Admins": [
                      "Succeeded"
                    ]
                  },
                  "metadata": {
                    "operationMetadataId": "94e7811d-b992-47f6-8ff5-baffe56d385a"
                  },
                  "type": "Foreach"
                },
                "Get_Stuttgart_Admins": {
                  "runAfter": {},
                  "metadata": {
                    "operationMetadataId": "19074a61-4fac-4c36-a3b8-0cceeff37e1c"
                  },
                  "type": "OpenApiConnection",
                  "inputs": {
                    "host": {
                      "connectionName": "shared_sharepointonline_1",
                      "operationId": "GetItems",
                      "apiId": "/providers/Microsoft.PowerApps/apis/shared_sharepointonline"
                    },
                    "parameters": {
                      "dataset": "@parameters('ASD Root Site (af_ASDRootSite)')",
                      "table": "@parameters('ASD/ASD Administrators (af_ASD_ASDAdministrators)')",
                      "$filter": "(Admin ne null) and (Location/Title eq 'Stuttgart')"
                    },
                    "authentication": "@parameters('$authentication')"
                  }
                }
              },
              "runAfter": {
                "Append_ASD1_to_Deep_Link": [
                  "Succeeded"
                ]
              },
              "expression": {
                "equals": [
                  "@variables('Email_List')",
                  ""
                ]
              },
              "metadata": {
                "operationMetadataId": "983973e2-dba3-44b3-a091-aae135594b62"
              },
              "type": "If"
            },
            "Send_an_email_from_a_shared_mailbox_(V2)_3": {
              "runAfter": {
                "Condition_2": [
                  "Succeeded"
                ]
              },
              "metadata": {
                "operationMetadataId": "18038144-8a31-4e97-bd75-ecde726b6dc4"
              },
              "type": "OpenApiConnection",
              "inputs": {
                "host": {
                  "connectionName": "shared_office365_1",
                  "operationId": "SharedMailboxSendEmailV2",
                  "apiId": "/providers/Microsoft.PowerApps/apis/shared_office365"
                },
                "parameters": {
                  "emailMessage/MailboxAddress": "@parameters('ASD Flow Sender Email (af_ASDFlowSenderEmail)')",
                  "emailMessage/To": "@variables('Email_List')",
                  "emailMessage/Subject": "For Action: New ASD @{triggerOutputs()?['body/AccountType/Value']} Request",
                  "emailMessage/Body": "<p><b><strong>ACTION REQUIRED </strong></b></p><br><p>A new account request has been submitted. It is now pending ASD Initial review before it can proceed. Please see details below: </p><br><p>Account Type: @{triggerOutputs()?['body/AccountType/Value']} </p><p>Name &amp; Designation: @{triggerOutputs()?['body/Title']} </p><p>Organization: @{triggerOutputs()?['body/Organization']}</p><p>Directorate: @{triggerOutputs()?['body/Directorate']} </p><p>Division: @{triggerOutputs()?['body/Department']} </p><p>Work Location: @{triggerOutputs()?['body/WorkLocation']} </p><p>Account Enclaves: @{variables('Enclaves')} </p><p>Sponsor: @{triggerOutputs()?['body/Sponsor/DisplayName']} </p><p>Sponsor Organization: @{triggerOutputs()?['body/SponsorOrganization']} </p><br><p>Please log in or use the link below to take action on the account request. </p><br><p>@{variables('Deep_Link')}</p>",
                  "emailMessage/ReplyTo": "donotreply@mail.mil",
                  "emailMessage/Importance": "Normal"
                },
                "authentication": "@parameters('$authentication')"
              }
            }
          },
          "runAfter": {
            "Initialize_variable_Deep_Link": [
              "Succeeded"
            ]
          },
          "expression": {
            "and": [
              {
                "equals": [
                  "@outputs('Get_changes_for_an_item_or_a_file_(properties_only)')?['body/ColumnHasChanged/StatusReason']",
                  "@true"
                ]
              },
              {
                "equals": [
                  "@triggerOutputs()?['body/StatusReason/Value']",
                  "ASD Initial"
                ]
              }
            ]
          },
          "metadata": {
            "operationMetadataId": "c994bcb3-1602-4842-a758-98ef36bd0992"
          },
          "type": "If"
        },
        "Status_Reason_User_Signature": {
          "actions": {
            "Append_UserSig_to_Deep_Link": {
              "runAfter": {},
              "metadata": {
                "operationMetadataId": "6a575d33-3d54-4e19-b4c2-516b6f95f5a6"
              },
              "type": "AppendToStringVariable",
              "inputs": {
                "name": "Deep_Link",
                "value": "UserSig&hidenavbar=true\">TAKE ACTION</a>"
              }
            },
            "Send_an_email_from_a_shared_mailbox_(V2)_4": {
              "runAfter": {
                "Append_UserSig_to_Deep_Link": [
                  "Succeeded"
                ]
              },
              "metadata": {
                "operationMetadataId": "a19a5fff-e018-4daf-8772-dcaa2faa7306"
              },
              "type": "OpenApiConnection",
              "inputs": {
                "host": {
                  "connectionName": "shared_office365_1",
                  "operationId": "SharedMailboxSendEmailV2",
                  "apiId": "/providers/Microsoft.PowerApps/apis/shared_office365"
                },
                "parameters": {
                  "emailMessage/MailboxAddress": "@parameters('ASD Flow Sender Email (af_ASDFlowSenderEmail)')",
                  "emailMessage/To": "@triggerOutputs()?['body/NIPREmail']",
                  "emailMessage/Subject": "For Action: Your ASD Request Is Ready For Signature",
                  "emailMessage/Body": "<p><b><strong>ACTION REQUIRED </strong></b></p><br><p>Your ASD Account Request is being processed and will be ready for the user's signature <b><strong>in 48 hours</strong></b>. </p><p>Your account has been created with a Temporary DEROS set to allow you network access. Please review the details and take action to sign through the app or proceed to the ASD office to sign your documents. </p><p>Once you have Authenticated and Signed your Account form, the Temporary DEROS will be removed. </p><br><p>Account Type: @{triggerOutputs()?['body/AccountType/Value']} </p><p>Name &amp; Designation: @{triggerOutputs()?['body/Title']} </p><p>Organization: @{triggerOutputs()?['body/Organization']} </p><p>Work Location: @{triggerOutputs()?['body/WorkLocation']} </p><p>Sponsor: @{triggerOutputs()?['body/Sponsor/DisplayName']} </p><p>Sponsor Organization: @{triggerOutputs()?['body/SponsorOrganization']} </p><br><p>Please use the link below to take action on the account request electronically. </p><br><p>@{variables('Deep_Link')}</p>",
                  "emailMessage/Cc": "@triggerOutputs()?['body/SponsorEmail']",
                  "emailMessage/ReplyTo": "donotreply@mail.mil",
                  "emailMessage/Importance": "High"
                },
                "authentication": "@parameters('$authentication')"
              }
            }
          },
          "runAfter": {
            "Initialize_variable_Deep_Link": [
              "Succeeded"
            ]
          },
          "expression": {
            "and": [
              {
                "equals": [
                  "@outputs('Get_changes_for_an_item_or_a_file_(properties_only)')?['body/ColumnHasChanged/StatusReason']",
                  "@true"
                ]
              },
              {
                "equals": [
                  "@triggerOutputs()?['body/StatusReason/Value']",
                  "User Signature"
                ]
              }
            ]
          },
          "metadata": {
            "operationMetadataId": "c994bcb3-1602-4842-a758-98ef36bd0992"
          },
          "type": "If"
        },
        "Status_Reason_IA_Review": {
          "actions": {
            "Append_IA_to_Deep_Link": {
              "runAfter": {},
              "metadata": {
                "operationMetadataId": "6a575d33-3d54-4e19-b4c2-516b6f95f5a6"
              },
              "type": "AppendToStringVariable",
              "inputs": {
                "name": "Deep_Link",
                "value": "IA&hidenavbar=true\">TAKE ACTION</a>"
              }
            },
            "Get_IA_Approver": {
              "runAfter": {
                "Append_IA_to_Deep_Link": [
                  "Succeeded"
                ]
              },
              "metadata": {
                "operationMetadataId": "d5056c66-b525-414d-9259-a6647c7f8242"
              },
              "type": "OpenApiConnection",
              "inputs": {
                "host": {
                  "connectionName": "shared_sharepointonline_1",
                  "operationId": "GetItems",
                  "apiId": "/providers/Microsoft.PowerApps/apis/shared_sharepointonline"
                },
                "parameters": {
                  "dataset": "@parameters('ASD Root Site (af_ASDRootSite)')",
                  "table": "@parameters('ASD/IA Administrators (af_ASD_IAAdministrators)')",
                  "$filter": "IAAdmin ne null"
                },
                "authentication": "@parameters('$authentication')"
              }
            },
            "Apply_to_each": {
              "foreach": "@outputs('Get_IA_Approver')?['body/value']",
              "actions": {
                "Append_to_string_variable_3": {
                  "runAfter": {},
                  "metadata": {
                    "operationMetadataId": "71421b58-c665-4422-bede-dac65f80b9a1"
                  },
                  "type": "AppendToStringVariable",
                  "inputs": {
                    "name": "Email_List",
                    "value": "@{items('Apply_to_each')?['IAAdmin/Email']};"
                  }
                }
              },
              "runAfter": {
                "Get_IA_Approver": [
                  "Succeeded"
                ]
              },
              "metadata": {
                "operationMetadataId": "094788df-8c99-4768-976c-7e51b6cde53a"
              },
              "type": "Foreach"
            },
            "Send_an_email_from_a_shared_mailbox_(V2)_5": {
              "runAfter": {
                "Apply_to_each": [
                  "Succeeded"
                ]
              },
              "metadata": {
                "operationMetadataId": "582e99c0-444c-4bfb-b266-413e2e293e86"
              },
              "type": "OpenApiConnection",
              "inputs": {
                "host": {
                  "connectionName": "shared_office365_1",
                  "operationId": "SharedMailboxSendEmailV2",
                  "apiId": "/providers/Microsoft.PowerApps/apis/shared_office365"
                },
                "parameters": {
                  "emailMessage/MailboxAddress": "@parameters('ASD Flow Sender Email (af_ASDFlowSenderEmail)')",
                  "emailMessage/To": "@variables('Email_List')",
                  "emailMessage/Subject": "For Action: An ASD @{triggerOutputs()?['body/AccountType/Value']} Request requires IA Review",
                  "emailMessage/Body": "<p><b><strong>ACTION REQUIRED</strong></b></p><br><p>An ASD Account Request is being processed and is ready for IA Review. Please review the details and take action at your earliest convenience.</p><br><p>Account Type: @{triggerOutputs()?['body/AccountType/Value']}</p><p>Name &amp; Designation: @{triggerOutputs()?['body/Title']}</p><p>Organization: @{triggerOutputs()?['body/Organization']}</p><p>Directorate: @{triggerOutputs()?['body/Directorate']}</p><p>Division: @{triggerOutputs()?['body/Department']}</p><p>Work Location: @{triggerOutputs()?['body/WorkLocation']}</p><p>Sponsor: @{triggerOutputs()?['body/Sponsor/DisplayName']}</p><p>Sponsor Organization: @{triggerOutputs()?['body/SponsorOrganization']}</p><p>Sponsor Justification: @{triggerOutputs()?['body/SponsorJustification']}<span>\n</span></p><br><p>J6 Validator: @{triggerOutputs()?['body/J6Validator']}</p><p>J6 Determination: @{triggerOutputs()?['body/J6Determination/Value']}</p><p>J6 Notes: @{triggerOutputs()?['body/J6Notes']}</p><br><p>Please use the link below to take action on the account request electronically.</p><br><p><span>\n</span>@{variables('Deep_Link')}<span>\n</span></p>",
                  "emailMessage/ReplyTo": "donotreply@mail.mil",
                  "emailMessage/Importance": "High"
                },
                "authentication": "@parameters('$authentication')"
              }
            }
          },
          "runAfter": {
            "Initialize_variable_Deep_Link": [
              "Succeeded"
            ]
          },
          "expression": {
            "and": [
              {
                "equals": [
                  "@outputs('Get_changes_for_an_item_or_a_file_(properties_only)')?['body/ColumnHasChanged/StatusReason']",
                  "@true"
                ]
              },
              {
                "equals": [
                  "@triggerOutputs()?['body/StatusReason/Value']",
                  "IA Review"
                ]
              }
            ]
          },
          "metadata": {
            "operationMetadataId": "c994bcb3-1602-4842-a758-98ef36bd0992"
          },
          "type": "If"
        },
        "Status_Reason_ASD_Final": {
          "actions": {
            "Append_ASD2_to_Deep_Link": {
              "runAfter": {},
              "metadata": {
                "operationMetadataId": "6a575d33-3d54-4e19-b4c2-516b6f95f5a6"
              },
              "type": "AppendToStringVariable",
              "inputs": {
                "name": "Deep_Link",
                "value": "ASD2&hidenavbar=true\">TAKE ACTION</a>"
              }
            },
            "Get_Assigned_ASD_Admin_": {
              "runAfter": {
                "Append_ASD2_to_Deep_Link": [
                  "Succeeded"
                ]
              },
              "metadata": {
                "operationMetadataId": "48a9cc21-0a15-4d8f-9091-2fc68ec5bc4c"
              },
              "type": "OpenApiConnection",
              "inputs": {
                "host": {
                  "connectionName": "shared_sharepointonline_1",
                  "operationId": "GetItems",
                  "apiId": "/providers/Microsoft.PowerApps/apis/shared_sharepointonline"
                },
                "parameters": {
                  "dataset": "@parameters('ASD Root Site (af_ASDRootSite)')",
                  "table": "@parameters('ASD/ASD Administrators (af_ASD_ASDAdministrators)')",
                  "$filter": "(Admin ne null) and (Location/Title eq '@{triggerOutputs()?['body/WorkLocation']}')"
                },
                "authentication": "@parameters('$authentication')"
              }
            },
            "Apply_to_each_2": {
              "foreach": "@outputs('Get_Assigned_ASD_Admin_')?['body/value']",
              "actions": {
                "Append_to_string_variable_4": {
                  "runAfter": {},
                  "metadata": {
                    "operationMetadataId": "624625e4-ca3b-469e-afd5-d9f97f693dec"
                  },
                  "type": "AppendToStringVariable",
                  "inputs": {
                    "name": "Email_List",
                    "value": "@{items('Apply_to_each_2')?['Admin/Email']};"
                  }
                }
              },
              "runAfter": {
                "Get_Assigned_ASD_Admin_": [
                  "Succeeded"
                ]
              },
              "metadata": {
                "operationMetadataId": "6d18581f-7279-4ea3-8a62-4e2c5182a38e"
              },
              "type": "Foreach"
            },
            "Condition_3": {
              "actions": {
                "ForEach_ASD_Admin_3": {
                  "foreach": "@outputs('Get_Stuttgart_Admins_2')?['body/value']",
                  "actions": {
                    "Create_List_of_Distinct_Email_Addresses_4": {
                      "runAfter": {},
                      "metadata": {
                        "operationMetadataId": "4440c801-29fd-4d87-895a-983658b9cb80"
                      },
                      "type": "AppendToStringVariable",
                      "inputs": {
                        "name": "Email_List",
                        "value": "@{items('ForEach_ASD_Admin_3')?['Admin/Email']};"
                      }
                    }
                  },
                  "runAfter": {
                    "Get_Stuttgart_Admins_2": [
                      "Succeeded"
                    ]
                  },
                  "metadata": {
                    "operationMetadataId": "94e7811d-b992-47f6-8ff5-baffe56d385a"
                  },
                  "type": "Foreach"
                },
                "Get_Stuttgart_Admins_2": {
                  "runAfter": {},
                  "metadata": {
                    "operationMetadataId": "19074a61-4fac-4c36-a3b8-0cceeff37e1c"
                  },
                  "type": "OpenApiConnection",
                  "inputs": {
                    "host": {
                      "connectionName": "shared_sharepointonline_1",
                      "operationId": "GetItems",
                      "apiId": "/providers/Microsoft.PowerApps/apis/shared_sharepointonline"
                    },
                    "parameters": {
                      "dataset": "@parameters('ASD Root Site (af_ASDRootSite)')",
                      "table": "@parameters('ASD/ASD Administrators (af_ASD_ASDAdministrators)')",
                      "$filter": "(Admin ne null) and (Location/Title eq 'Stuttgart')"
                    },
                    "authentication": "@parameters('$authentication')"
                  }
                }
              },
              "runAfter": {
                "Apply_to_each_2": [
                  "Succeeded"
                ]
              },
              "expression": {
                "equals": [
                  "@variables('Email_List')",
                  ""
                ]
              },
              "metadata": {
                "operationMetadataId": "983973e2-dba3-44b3-a091-aae135594b62"
              },
              "type": "If"
            },
            "Send_an_email_from_a_shared_mailbox_(V2)_6": {
              "runAfter": {
                "Condition_3": [
                  "Succeeded"
                ]
              },
              "metadata": {
                "operationMetadataId": "50845531-3062-4726-a3a3-79e025be9105"
              },
              "type": "OpenApiConnection",
              "inputs": {
                "host": {
                  "connectionName": "shared_office365_1",
                  "operationId": "SharedMailboxSendEmailV2",
                  "apiId": "/providers/Microsoft.PowerApps/apis/shared_office365"
                },
                "parameters": {
                  "emailMessage/MailboxAddress": "@parameters('ASD Flow Sender Email (af_ASDFlowSenderEmail)')",
                  "emailMessage/To": "@triggerOutputs()?['body/ASDAdminEmail']",
                  "emailMessage/Subject": "For Action: ASD @{triggerOutputs()?['body/AccountType/Value']} Request Ready For Final Review",
                  "emailMessage/Body": "<p><b><strong>ACTION REQUIRED</strong></b></p><br><p>An ASD Account Request is ready for an ASD Final review. Please review the details below and take action at your earliest convenience.</p><br><p>Account Type: @{triggerOutputs()?['body/AccountType/Value']} </p><p>Name &amp; Designation: @{triggerOutputs()?['body/Title']} </p><p>Organization: @{triggerOutputs()?['body/Organization']}</p><p>Directorate: @{triggerOutputs()?['body/Directorate']} </p><p>Division: @{triggerOutputs()?['body/Department']} </p><p>Work Location: @{triggerOutputs()?['body/WorkLocation']} </p><p>Sponsor: @{triggerOutputs()?['body/Sponsor/DisplayName']} </p><p>Sponsor Organization: @{triggerOutputs()?['body/SponsorOrganization']}</p><br><p>Please use the link below to take action on the account request electronically.</p><br><p>@{variables('Deep_Link')}</p>",
                  "emailMessage/Cc": "@variables('Email_List')",
                  "emailMessage/ReplyTo": "donotreply@mail.mil",
                  "emailMessage/Importance": "Normal"
                },
                "authentication": "@parameters('$authentication')"
              }
            }
          },
          "runAfter": {
            "Initialize_variable_Deep_Link": [
              "Succeeded"
            ]
          },
          "expression": {
            "and": [
              {
                "equals": [
                  "@outputs('Get_changes_for_an_item_or_a_file_(properties_only)')?['body/ColumnHasChanged/StatusReason']",
                  "@true"
                ]
              },
              {
                "equals": [
                  "@triggerOutputs()?['body/StatusReason/Value']",
                  "ASD Final"
                ]
              }
            ]
          },
          "metadata": {
            "operationMetadataId": "c994bcb3-1602-4842-a758-98ef36bd0992"
          },
          "type": "If"
        },
        "ASD_Rework_Send_to_Sponsor": {
          "actions": {
            "Append_INFO_to_Deep_Link": {
              "runAfter": {},
              "metadata": {
                "operationMetadataId": "6a575d33-3d54-4e19-b4c2-516b6f95f5a6"
              },
              "type": "AppendToStringVariable",
              "inputs": {
                "name": "Deep_Link",
                "value": "Info&hidenavbar=true\">TAKE ACTION</a>"
              }
            },
            "Send_an_email_from_a_shared_mailbox_(V2)_7": {
              "runAfter": {
                "Append_INFO_to_Deep_Link": [
                  "Succeeded"
                ]
              },
              "metadata": {
                "operationMetadataId": "8721d9bc-3779-4254-934b-17d913ead087"
              },
              "type": "OpenApiConnection",
              "inputs": {
                "host": {
                  "connectionName": "shared_office365_1",
                  "operationId": "SharedMailboxSendEmailV2",
                  "apiId": "/providers/Microsoft.PowerApps/apis/shared_office365"
                },
                "parameters": {
                  "emailMessage/MailboxAddress": "@parameters('ASD Flow Sender Email (af_ASDFlowSenderEmail)')",
                  "emailMessage/To": "@{triggerOutputs()?['body/NIPREmail']};@{triggerOutputs()?['body/Sponsor/Email']}",
                  "emailMessage/Subject": "For Action: Your ASD @{triggerOutputs()?['body/AccountType/Value']} Request Requires Rework",
                  "emailMessage/Body": "<p><b><strong>ACTION REQUIRED</strong></b> </p><br><p>Your ASD Account Request was reviewed by the Account Service Desk and it <b><strong>requires rework</strong></b> for it to proceed. </p><br><br><p>Account Type: @{triggerOutputs()?['body/AccountType/Value']} </p><p>Name &amp; Designation: @{triggerOutputs()?['body/Title']} </p><p>Organization: @{triggerOutputs()?['body/Organization']}</p><p>Directorate: @{triggerOutputs()?['body/Directorate']} </p><p>Division: @{triggerOutputs()?['body/Department']} </p><p>Work Location: @{triggerOutputs()?['body/WorkLocation']} </p><p>Sponsor: @{triggerOutputs()?['body/Sponsor/DisplayName']} </p><p>Sponsor Organization: @{triggerOutputs()?['body/SponsorOrganization']} </p><p>Returned for Rework Reason: @{triggerOutputs()?['body/ReturnedForReworkReason']} </p><br><p>Please use the link below to review your request and make updates before resubmitting. </p><br><p>@{variables('Deep_Link')}</p>",
                  "emailMessage/ReplyTo": "donotreply@mail.mil",
                  "emailMessage/Importance": "High"
                },
                "authentication": "@parameters('$authentication')"
              }
            }
          },
          "runAfter": {
            "Initialize_variable_Deep_Link": [
              "Succeeded"
            ]
          },
          "expression": {
            "and": [
              {
                "equals": [
                  "@outputs('Get_changes_for_an_item_or_a_file_(properties_only)')?['body/ColumnHasChanged/ASDAction']",
                  "@true"
                ]
              },
              {
                "equals": [
                  "@triggerOutputs()?['body/ASDAction/Value']",
                  "Rework - Send to Sponsor"
                ]
              }
            ]
          },
          "metadata": {
            "operationMetadataId": "40bb24a2-58bb-4ebd-9f51-843920114a70"
          },
          "type": "If"
        },
        "ASD_Rework_Send_to_Security_Manager": {
          "actions": {
            "Append_SM_to_Deep_Link_3": {
              "runAfter": {},
              "metadata": {
                "operationMetadataId": "6a575d33-3d54-4e19-b4c2-516b6f95f5a6"
              },
              "type": "AppendToStringVariable",
              "inputs": {
                "name": "Deep_Link",
                "value": "SM&hidenavbar=true\">TAKE ACTION</a>"
              }
            },
            "Send_an_email_from_a_shared_mailbox_(V2)_8": {
              "runAfter": {
                "Append_SM_to_Deep_Link_3": [
                  "Succeeded"
                ]
              },
              "metadata": {
                "operationMetadataId": "28b7174f-f908-4f8d-b99b-466c47b67f7a"
              },
              "type": "OpenApiConnection",
              "inputs": {
                "host": {
                  "connectionName": "shared_office365_1",
                  "operationId": "SharedMailboxSendEmailV2",
                  "apiId": "/providers/Microsoft.PowerApps/apis/shared_office365"
                },
                "parameters": {
                  "emailMessage/MailboxAddress": "@parameters('ASD Flow Sender Email (af_ASDFlowSenderEmail)')",
                  "emailMessage/To": "@triggerBody()?['SecurityManagerEmail']",
                  "emailMessage/Subject": "For Action: Your ASD @{triggerBody()?['AccountType']?['Value']} Request Requires Rework",
                  "emailMessage/Body": "<p><b><strong>ACTION REQUIRED</strong></b></p><br><p>The ASD Account Request below was reviewed by ASD and sent back to you for rework. Please see the details below:</p><br><p>Account Type: @{triggerOutputs()?['body/AccountType/Value']}</p><p>Name &amp; Designation: @{triggerOutputs()?['body/Title']}</p><p>Organization: @{triggerOutputs()?['body/Organization']}</p><p>Directorate: @{triggerOutputs()?['body/Directorate']}</p><p>Division: @{triggerOutputs()?['body/Department']}</p><p>Work Location: @{triggerOutputs()?['body/WorkLocation']}</p><p>Sponsor: @{triggerOutputs()?['body/Sponsor/DisplayName']}</p><p>Sponsor Organization: @{triggerOutputs()?['body/SponsorOrganization']}</p><br><p>Returned for Rework Reason: </p><p>@{triggerOutputs()?['body/ReturnedForReworkReason']}</p><br><p>Please use the link below to review the request and resubmit or cancel as necessary.</p><br><p>@{variables('Deep_Link')}</p>",
                  "emailMessage/ReplyTo": "donotreply@mail.mil",
                  "emailMessage/Importance": "High"
                },
                "authentication": "@parameters('$authentication')"
              }
            }
          },
          "runAfter": {
            "Initialize_variable_Deep_Link": [
              "Succeeded"
            ]
          },
          "expression": {
            "and": [
              {
                "equals": [
                  "@outputs('Get_changes_for_an_item_or_a_file_(properties_only)')?['body/ColumnHasChanged/ASDAction']",
                  "@true"
                ]
              },
              {
                "equals": [
                  "@triggerOutputs()?['body/ASDAction/Value']",
                  "Rework - Send to Security Manager"
                ]
              }
            ]
          },
          "metadata": {
            "operationMetadataId": "7659b6e9-29ae-45f9-8482-75cb25416b0f"
          },
          "type": "If"
        },
        "ASD_Request_Deactivated": {
          "actions": {
            "Append_UserSig_to_Deep_Link_2": {
              "runAfter": {},
              "metadata": {
                "operationMetadataId": "6a575d33-3d54-4e19-b4c2-516b6f95f5a6"
              },
              "type": "AppendToStringVariable",
              "inputs": {
                "name": "Deep_Link",
                "value": "Info&hidenavbar=true\">REVIEW</a>"
              }
            },
            "Condition": {
              "actions": {
                "Send_an_email_from_a_shared_mailbox_(V2)_9": {
                  "runAfter": {},
                  "metadata": {
                    "operationMetadataId": "c8ae5497-7b79-4b48-9c31-2c4a01e7f5ee"
                  },
                  "type": "OpenApiConnection",
                  "inputs": {
                    "host": {
                      "connectionName": "shared_office365_1",
                      "operationId": "SharedMailboxSendEmailV2",
                      "apiId": "/providers/Microsoft.PowerApps/apis/shared_office365"
                    },
                    "parameters": {
                      "emailMessage/MailboxAddress": "@parameters('ASD Flow Sender Email (af_ASDFlowSenderEmail)')",
                      "emailMessage/To": "@{triggerBody()?['NIPREmail']}; @{triggerBody()?['Sponsor']?['Email']}",
                      "emailMessage/Subject": "Awareness: Your ASD @{triggerBody()?['AccountType']?['Value']} Request Is Complete",
                      "emailMessage/Body": "<p><b><strong>ASD Request Complete</strong></b></p><br><p>Your ASD Account Request has been completed and archived by ASD. &nbsp;Please reach out to ASD if you have any issues with your network account.</p><br><p>Account Type: @{triggerOutputs()?['body/AccountType/Value']}</p><p>Name &amp; Designation: @{triggerOutputs()?['body/Title']}</p><p>Organization: @{triggerOutputs()?['body/Organization']}</p><p>Work Location: @{triggerOutputs()?['body/WorkLocation']}</p><p>Sponsor: @{triggerOutputs()?['body/Sponsor/DisplayName']}</p><p>Sponsor Organization: @{triggerOutputs()?['body/SponsorOrganization']}</p><br><p>You can review your request using the link below.</p><br><p><span>\n</span>@{variables('Deep_Link')}<span>\n</span></p>",
                      "emailMessage/ReplyTo": "donotreply@mail.mil",
                      "emailMessage/Importance": "Normal"
                    },
                    "authentication": "@parameters('$authentication')"
                  }
                }
              },
              "runAfter": {
                "Append_UserSig_to_Deep_Link_2": [
                  "Succeeded"
                ]
              },
              "else": {
                "actions": {
                  "Send_an_email_from_a_shared_mailbox_(V2)_10": {
                    "runAfter": {},
                    "metadata": {
                      "operationMetadataId": "fd705096-8c6c-4a57-bf24-8cc961c2c871"
                    },
                    "type": "OpenApiConnection",
                    "inputs": {
                      "host": {
                        "connectionName": "shared_office365_1",
                        "operationId": "SharedMailboxSendEmailV2",
                        "apiId": "/providers/Microsoft.PowerApps/apis/shared_office365"
                      },
                      "parameters": {
                        "emailMessage/MailboxAddress": "@parameters('ASD Flow Sender Email (af_ASDFlowSenderEmail)')",
                        "emailMessage/To": "@{triggerBody()?['NIPREmail']}; @{triggerBody()?['Sponsor']?['Email']}",
                        "emailMessage/Subject": "Awareness: Your ASD @{triggerBody()?['AccountType']?['Value']} Request Has Been Deactivated",
                        "emailMessage/Body": "<p><b><strong>ASD Request Deactivated</strong></b> </p><br><p>Your ASD Account Request has been deactivated with the following status: @{triggerOutputs()?['body/StatusReason/Value']}</p><br><p>Account Type: @{triggerOutputs()?['body/AccountType/Value']}</p><p>Name &amp; Designation: @{triggerOutputs()?['body/Title']}</p><p>Organization: @{triggerOutputs()?['body/Organization']}</p><p>Work Location: @{triggerOutputs()?['body/WorkLocation']}</p><p>Sponsor: @{triggerOutputs()?['body/Sponsor/DisplayName']}</p><p>Sponsor Organization: @{triggerOutputs()?['body/SponsorOrganization']}</p><br><p>Please reach out to ASD if you have questions about this deactivation. You can review your request using the link below.</p><br><p>@{variables('Deep_Link')}</p>",
                        "emailMessage/ReplyTo": "donotreply@mail.mil",
                        "emailMessage/Importance": "Normal"
                      },
                      "authentication": "@parameters('$authentication')"
                    }
                  }
                }
              },
              "expression": {
                "equals": [
                  "@triggerOutputs()?['body/StatusReason/Value']",
                  "Archived"
                ]
              },
              "metadata": {
                "operationMetadataId": "1de1607e-9ada-4436-ab20-ac51ffaeee79"
              },
              "type": "If"
            },
            "Get_items_SSN": {
              "runAfter": {
                "Condition": [
                  "Succeeded"
                ]
              },
              "metadata": {
                "operationMetadataId": "dcd14ce1-c53c-4009-8951-48914636a460"
              },
              "type": "OpenApiConnection",
              "inputs": {
                "host": {
                  "connectionName": "shared_sharepointonline_1",
                  "operationId": "GetItems",
                  "apiId": "/providers/Microsoft.PowerApps/apis/shared_sharepointonline"
                },
                "parameters": {
                  "dataset": "@parameters('ASD Root Site (af_ASDRootSite)')",
                  "table": "@parameters('ASD/Secured SSN (af_ASD_SecuredSSN)')",
                  "$filter": "Id eq '@{triggerOutputs()?['body/SSN']}'"
                },
                "authentication": "@parameters('$authentication')"
              }
            },
            "SSN_Record_Exists": {
              "actions": {
                "Delete_item": {
                  "runAfter": {},
                  "metadata": {
                    "operationMetadataId": "b2f75ec8-3a38-49ad-971f-91156f877053"
                  },
                  "type": "OpenApiConnection",
                  "inputs": {
                    "host": {
                      "connectionName": "shared_sharepointonline_1",
                      "operationId": "DeleteItem",
                      "apiId": "/providers/Microsoft.PowerApps/apis/shared_sharepointonline"
                    },
                    "parameters": {
                      "dataset": "@parameters('ASD Root Site (af_ASDRootSite)')",
                      "table": "@parameters('ASD/Secured SSN (af_ASD_SecuredSSN)')",
                      "id": "@int(triggerOutputs()?['body/SSN'])"
                    },
                    "authentication": "@parameters('$authentication')"
                  }
                }
              },
              "runAfter": {
                "Get_items_SSN": [
                  "Succeeded"
                ]
              },
              "expression": {
                "equals": [
                  "@length(outputs('Get_items_SSN')?['body/value'])",
                  1
                ]
              },
              "metadata": {
                "operationMetadataId": "49a82463-43c3-46c3-8e6c-5e663930dfd9"
              },
              "type": "If"
            }
          },
          "runAfter": {
            "Initialize_variable_Deep_Link": [
              "Succeeded"
            ]
          },
          "expression": {
            "and": [
              {
                "equals": [
                  "@outputs('Get_changes_for_an_item_or_a_file_(properties_only)')?['body/ColumnHasChanged/Status']",
                  "@true"
                ]
              },
              {
                "equals": [
                  "@triggerOutputs()?['body/Status/Value']",
                  "Inactive"
                ]
              }
            ]
          },
          "metadata": {
            "operationMetadataId": "7d20263c-e696-4678-8be1-c4a2eae6a0e1"
          },
          "type": "If"
        }
      }
    },
    "templateName": ""
  },
  "schemaVersion": "1.0.0.0"
}