{
  "properties": {
    "connectionReferences": {
      "shared_sharepointonline_1": {
        "runtimeSource": "embedded",
        "connection": {
          "connectionReferenceLogicalName": "af_ASD_SharePointRef"
        },
        "api": {
          "name": "shared_sharepointonline"
        }
      },
      "shared_office365_1": {
        "runtimeSource": "embedded",
        "connection": {
          "connectionReferenceLogicalName": "af_ASD_Office365OutlookRef"
        },
        "api": {
          "name": "shared_office365"
        }
      }
    },
    "definition": {
      "$schema": "https://schema.management.azure.com/providers/Microsoft.Logic/schemas/2016-06-01/workflowdefinition.json#",
      "contentVersion": "1.0.0.0",
      "parameters": {
        "$connections": {
          "defaultValue": {},
          "type": "Object"
        },
        "$authentication": {
          "defaultValue": {},
          "type": "SecureObject"
        },
        "ASD Root Site (af_ASDRootSite)": {
          "defaultValue": "https://j654dev.sharepoint.com/sites/ASD",
          "type": "String",
          "metadata": {
            "schemaName": "af_ASDRootSite"
          }
        },
        "ASD/ASD Requests (af_ASD_ASDRequests)": {
          "defaultValue": "732ceb5e-3e08-480f-99d9-73769fd07252",
          "type": "String",
          "metadata": {
            "schemaName": "af_ASD_ASDRequests"
          }
        },
        "ASD Flow Sender Email (af_ASDFlowSenderEmail)": {
          "defaultValue": "asd-powerapp-distro@j654dev.onmicrosoft.com",
          "type": "String",
          "metadata": {
            "schemaName": "af_ASDFlowSenderEmail",
            "description": "the email address that will be sending emails from"
          }
        },
        "ASD/Security Managers (af_ASD_SecurityManagers)": {
          "defaultValue": "220df446-cf38-460e-b57f-a3f24ea66a1f",
          "type": "String",
          "metadata": {
            "schemaName": "af_ASD_SecurityManagers"
          }
        },
        "ASD Canvas Web Link (af_ASDCanvasWebLink)": {
          "defaultValue": "https://apps.powerapps.com/play/e541379e-a0d3-4440-92dc-e939f0978f1f?tenantId=75120bef-f9f7-4ae6-8fa0-8021d2117bd0",
          "type": "String",
          "metadata": {
            "schemaName": "af_ASDCanvasWebLink"
          }
        }
      },
      "triggers": {
        "Recurrence": {
          "recurrence": {
            "frequency": "Day",
            "interval": 2,
            "startTime": "2022-06-01T08:00:00Z"
          },
          "metadata": {
            "operationMetadataId": "82fa1c7e-0e64-4b2f-890d-ebb325561768"
          },
          "type": "Recurrence"
        }
      },
      "actions": {
        "Get_items": {
          "runAfter": {
            "Initialize_WebLink": [
              "Succeeded"
            ]
          },
          "metadata": {
            "operationMetadataId": "657b22fd-08b5-4f79-a4ca-c864113d9e78"
          },
          "type": "OpenApiConnection",
          "inputs": {
            "host": {
              "connectionName": "shared_sharepointonline_1",
              "operationId": "GetItems",
              "apiId": "/providers/Microsoft.PowerApps/apis/shared_sharepointonline"
            },
            "parameters": {
              "dataset": "@parameters('ASD Root Site (af_ASDRootSite)')",
              "table": "@parameters('ASD/ASD Requests (af_ASD_ASDRequests)')",
              "$filter": "StatusReason eq 'Security Manager' and RequestDate lt '@{formatDateTime(addDays(utcNow(), -2, 'yyyy-MM-dd'), 'yyyy-MM-dd')}'"
            },
            "authentication": "@parameters('$authentication')"
          }
        },
        "Apply_to_each": {
          "foreach": "@outputs('Get_items')?['body/value']",
          "actions": {
            "Directorates_Into_Array": {
              "runAfter": {},
              "metadata": {
                "operationMetadataId": "9d9b1bca-9b31-4c98-803e-f7724a215bc4"
              },
              "type": "AppendToArrayVariable",
              "inputs": {
                "name": "Directorates",
                "value": "@items('Apply_to_each')?['Directorate']"
              }
            }
          },
          "runAfter": {
            "Get_items": [
              "Succeeded"
            ]
          },
          "metadata": {
            "operationMetadataId": "c17fc827-031b-4d69-a55c-20dc431f8ef4"
          },
          "type": "Foreach"
        },
        "DirectoratesArray": {
          "runAfter": {
            "EmailList": [
              "Succeeded"
            ]
          },
          "metadata": {
            "operationMetadataId": "a53bd41a-c888-4639-9053-85bdbe845e56"
          },
          "type": "InitializeVariable",
          "inputs": {
            "variables": [
              {
                "name": "Directorates",
                "type": "array"
              }
            ]
          }
        },
        "Unique_Directorates": {
          "runAfter": {
            "Apply_to_each": [
              "Succeeded"
            ]
          },
          "metadata": {
            "operationMetadataId": "42b7342a-a8b3-4b09-9ef2-12929d1ce8ac"
          },
          "type": "InitializeVariable",
          "inputs": {
            "variables": [
              {
                "name": "UniqueDirectorates",
                "type": "array",
                "value": "@union(variables('Directorates'),variables('Directorates'))"
              }
            ]
          }
        },
        "Apply_to_each_2": {
          "foreach": "@variables('UniqueDirectorates')",
          "actions": {
            "Get_Security_Managers_for_Org": {
              "runAfter": {},
              "metadata": {
                "operationMetadataId": "19074a61-4fac-4c36-a3b8-0cceeff37e1c"
              },
              "type": "OpenApiConnection",
              "inputs": {
                "host": {
                  "connectionName": "shared_sharepointonline_1",
                  "operationId": "GetItems",
                  "apiId": "/providers/Microsoft.PowerApps/apis/shared_sharepointonline"
                },
                "parameters": {
                  "dataset": "@parameters('ASD Root Site (af_ASDRootSite)')",
                  "table": "@parameters('ASD/Security Managers (af_ASD_SecurityManagers)')",
                  "$filter": "(DISS eq '1') and (Departments/Title eq '@{items('Apply_to_each_2')}')"
                },
                "authentication": "@parameters('$authentication')"
              }
            },
            "Select": {
              "runAfter": {
                "Get_Security_Managers_for_Org": [
                  "Succeeded"
                ]
              },
              "metadata": {
                "operationMetadataId": "932aed37-edf0-41e1-9da7-b2647f49738a"
              },
              "type": "Select",
              "inputs": {
                "from": "@outputs('Get_Security_Managers_for_Org')?['body/value']",
                "select": {
                  "Email": "@item()?['NIPR_x0020_Email']"
                }
              }
            },
            "Compose": {
              "runAfter": {
                "Select": [
                  "Succeeded"
                ]
              },
              "metadata": {
                "operationMetadataId": "24b406bb-418a-4948-a7f5-436f87d3baa7"
              },
              "type": "Compose",
              "inputs": "@union(body('Select'), body('Select'))"
            },
            "Send_an_email_(V2)": {
              "runAfter": {
                "Create_HTML_table": [
                  "Succeeded"
                ]
              },
              "metadata": {
                "operationMetadataId": "bd831799-737e-439d-9079-7df8e88f338f"
              },
              "type": "OpenApiConnection",
              "inputs": {
                "host": {
                  "connectionName": "shared_office365_1",
                  "operationId": "SendEmailV2",
                  "apiId": "/providers/Microsoft.PowerApps/apis/shared_office365"
                },
                "parameters": {
                  "emailMessage/To": "@variables('Email_List')",
                  "emailMessage/Subject": "REMINDER: ASD Account Request Needs Your Action",
                  "emailMessage/Body": "<p><span style=\"font-size: 14px\"><strong>ACTION REQUIRED</strong></span><br>\n<br>\nThere are ASD Account Requests that are pending your action. &nbsp;Please review the list below and complete the Security Manager clearance verification at your earliest convenince.<br>\n<br>\n@{outputs('Compose_Style')}@{body('Create_HTML_table')}<br>\n<br>\n---------------------------------------------<br>\n<strong>Why am I getting this email?</strong><br>\nYou are listed in our records as a Security Manager with DISS access for the user's Directorate. You will need to verify the user's clearance in order for the Account Service Desk to proceed with the account creation.<br>\n<br>\n<strong>What if I'm no longer with AFRICOM/no longer a Security Manager?<br>\n</strong>If you are no longer tasked with verifying clearances for AFRICOM or do not have DISS access, please reach out ASD via email at:<br>\nafricom.stuttgart.acj6.mbx.account-service-desk@mail.mil<br>\n<br>\n<strong>How to I action these items?</strong><br>\nThere is a how-to guide on the ASD webiste on the AFRICOM portal. &nbsp;Please scroll down to the Security Manager section for specific instructions for SMs.<br>\nhttps://dod365.sharepoint-mil.us/sites/AFRICOM-J63-ASD<br>\n<br>\n<strong>What URL do I go to?<br>\n</strong><strong>@{variables('WebLink')}</strong><strong></strong><br>\nClick on the Security Manager tab on the left navigation to view your tasks. &nbsp;You can also search by the user's last name in the top search bar in the app.</p>",
                  "emailMessage/From": "@parameters('ASD Flow Sender Email (af_ASDFlowSenderEmail)')",
                  "emailMessage/ReplyTo": "donotreply@mail.mil"
                },
                "authentication": "@parameters('$authentication')"
              }
            },
            "Create_HTML_table": {
              "runAfter": {
                "Get_items_2": [
                  "Succeeded"
                ]
              },
              "metadata": {
                "operationMetadataId": "c92f9558-42b1-4ca0-ac65-cbbb448dfe4c"
              },
              "type": "Table",
              "inputs": {
                "from": "@outputs('Get_items_2')?['body/value']",
                "format": "HTML",
                "columns": [
                  {
                    "header": "User",
                    "value": "@item()?['Title']"
                  },
                  {
                    "header": "Directorate",
                    "value": "@item()?['Directorate']"
                  },
                  {
                    "header": "AccountType",
                    "value": "@item()?['AccountType/Value']"
                  },
                  {
                    "header": "RequestDate",
                    "value": "@item()?['RequestDate']"
                  }
                ]
              }
            },
            "Get_items_2": {
              "runAfter": {
                "Security_Manager_ForEach": [
                  "Succeeded"
                ]
              },
              "metadata": {
                "operationMetadataId": "e36120c7-1068-4304-bd1c-f741175695dd"
              },
              "type": "OpenApiConnection",
              "inputs": {
                "host": {
                  "connectionName": "shared_sharepointonline_1",
                  "operationId": "GetItems",
                  "apiId": "/providers/Microsoft.PowerApps/apis/shared_sharepointonline"
                },
                "parameters": {
                  "dataset": "@parameters('ASD Root Site (af_ASDRootSite)')",
                  "table": "@parameters('ASD/ASD Requests (af_ASD_ASDRequests)')",
                  "$filter": "StatusReason eq 'Security Manager' and RequestDate lt '@{formatDateTime(addDays(utcNow(), -2, 'yyyy-MM-dd'), 'yyyy-MM-dd')}' and Directorate eq '@{items('Apply_to_each_2')}'"
                },
                "authentication": "@parameters('$authentication')"
              }
            },
            "Security_Manager_ForEach": {
              "foreach": "@outputs('Compose')",
              "actions": {
                "Append_to_string_variable_2": {
                  "runAfter": {},
                  "metadata": {
                    "operationMetadataId": "bd1ac46a-b064-466a-ba7b-c1643a6e2261"
                  },
                  "type": "AppendToStringVariable",
                  "inputs": {
                    "name": "Email_List",
                    "value": "@{items('Security_Manager_ForEach')?['Email']};"
                  }
                }
              },
              "runAfter": {
                "Compose": [
                  "Succeeded"
                ]
              },
              "metadata": {
                "operationMetadataId": "94e7811d-b992-47f6-8ff5-baffe56d385a"
              },
              "type": "Foreach"
            },
            "Reset_EmailList": {
              "runAfter": {
                "Send_an_email_(V2)": [
                  "Succeeded"
                ]
              },
              "metadata": {
                "operationMetadataId": "d1566b69-2c37-4863-898f-327bfa8fec8d"
              },
              "type": "SetVariable",
              "inputs": {
                "name": "Email_List",
                "value": "@{null}"
              }
            }
          },
          "runAfter": {
            "Compose_Style": [
              "Succeeded"
            ]
          },
          "metadata": {
            "operationMetadataId": "faf0e4d5-0303-4876-a561-b902b0458f6d"
          },
          "type": "Foreach"
        },
        "EmailList": {
          "runAfter": {},
          "metadata": {
            "operationMetadataId": "ddf1a9ef-2be1-4cb3-9989-2475f2975916"
          },
          "type": "InitializeVariable",
          "inputs": {
            "variables": [
              {
                "name": "Email_List",
                "type": "string"
              }
            ]
          }
        },
        "Compose_Style": {
          "runAfter": {
            "Unique_Directorates": [
              "Succeeded"
            ]
          },
          "metadata": {
            "operationMetadataId": "4741b976-f09d-41e1-851d-a249a702f02b"
          },
          "type": "Compose",
          "inputs": "<style>\ntable {\n  border: 1px solid #1C6EA4;\n  background-color: #EEEEEE;\n  width: 100%;\n  text-align: left;\n  border-collapse: collapse;\n}\ntable td, table th {\n  border: 1px solid #AAAAAA;\n  padding: 3px 2px;\n}\ntable tbody td {\n  font-size: 13px;\n}\ntable thead {\n  background: #1C6EA4;\n  border-bottom: 2px solid #444444;\n}\ntable thead th {\n  font-size: 15px;\n  font-weight: bold;\n  color: #FFFFFF;\n  border-left: 2px solid #D0E4F5;\n}\ntable thead th:first-child {\n  border-left: none;\n}\n</style>"
        },
        "Initialize_WebLink": {
          "runAfter": {
            "DirectoratesArray": [
              "Succeeded"
            ]
          },
          "metadata": {
            "operationMetadataId": "a7706f7b-44dc-415b-a16a-5634c8998a24"
          },
          "type": "InitializeVariable",
          "inputs": {
            "variables": [
              {
                "name": "WebLink",
                "type": "string",
                "value": "<a href=\"@{parameters('ASD Canvas Web Link (af_ASDCanvasWebLink)')}\">@{parameters('ASD Canvas Web Link (af_ASDCanvasWebLink)')}</a>"
              }
            ]
          }
        }
      }
    },
    "templateName": null
  },
  "schemaVersion": "1.0.0.0"
}