{
  "properties": {
    "connectionReferences": {
      "shared_sharepointonline_2": {
        "runtimeSource": "invoker",
        "connection": {
          "connectionReferenceLogicalName": "af_ASD_SharePointRef"
        },
        "api": {
          "name": "shared_sharepointonline"
        }
      },
      "shared_onedriveforbusiness": {
        "runtimeSource": "invoker",
        "connection": {
          "connectionReferenceLogicalName": "af_ASD_OneDriveforBusinessRef"
        },
        "api": {
          "name": "shared_onedriveforbusiness"
        }
      }
    },
    "definition": {
      "$schema": "https://schema.management.azure.com/providers/Microsoft.Logic/schemas/2016-06-01/workflowdefinition.json#",
      "contentVersion": "1.0.0.0",
      "parameters": {
        "$connections": {
          "defaultValue": {},
          "type": "Object"
        },
        "$authentication": {
          "defaultValue": {},
          "type": "SecureObject"
        },
        "ASD Root Site (af_ASDRootSite)": {
          "defaultValue": "https://j654dev.sharepoint.com/sites/ASD",
          "type": "String",
          "metadata": {
            "schemaName": "af_ASDRootSite"
          }
        },
        "ASD/ASD Requests (af_ASD_ASDRequests)": {
          "defaultValue": "732ceb5e-3e08-480f-99d9-73769fd07252",
          "type": "String",
          "metadata": {
            "schemaName": "af_ASD_ASDRequests"
          }
        },
        "ASD/PLAA Template Library (af_ASD_PLAATemplateLibrary)": {
          "defaultValue": "b5629cdb-5be7-46df-bbc8-dd664390b5b0",
          "type": "String",
          "metadata": {
            "schemaName": "af_ASD_PLAATemplateLibrary"
          }
        }
      },
      "triggers": {
        "manual": {
          "metadata": {
            "operationMetadataId": "2462a6e2-6efd-4fe7-87f0-ef83b7aae3a3"
          },
          "type": "Request",
          "kind": "PowerAppV2",
          "inputs": {
            "schema": {
              "type": "object",
              "properties": {
                "number": {
                  "title": "ID",
                  "type": "number",
                  "x-ms-dynamically-added": true,
                  "description": "Enter the record ID",
                  "x-ms-content-hint": "NUMBER"
                }
              },
              "required": [
                "number"
              ]
            }
          }
        }
      },
      "actions": {
        "Get_item": {
          "runAfter": {},
          "metadata": {
            "operationMetadataId": "85056da9-6aa6-42a2-8c57-dd78004ae029"
          },
          "type": "OpenApiConnection",
          "inputs": {
            "host": {
              "connectionName": "shared_sharepointonline_2",
              "operationId": "GetItem",
              "apiId": "/providers/Microsoft.PowerApps/apis/shared_sharepointonline"
            },
            "parameters": {
              "dataset": "@parameters('ASD Root Site (af_ASDRootSite)')",
              "table": "@parameters('ASD/ASD Requests (af_ASD_ASDRequests)')",
              "id": "@triggerBody()['number']"
            },
            "authentication": "@parameters('$authentication')"
          }
        },
        "Respond_to_a_PowerApp_or_flow": {
          "runAfter": {
            "Delete_file_-_Clean_Up_Doc_in_OneDrive": [
              "Succeeded"
            ]
          },
          "metadata": {
            "operationMetadataId": "7723404b-2da0-4d00-8695-cc3625afe3bc"
          },
          "type": "Response",
          "kind": "PowerApp",
          "inputs": {
            "statusCode": 200,
            "body": {
              "success": "@{true}"
            },
            "schema": {
              "type": "object",
              "properties": {
                "success": {
                  "title": "Success",
                  "x-ms-dynamically-added": true,
                  "type": "string"
                }
              }
            }
          }
        },
        "Get_Template_File_Content": {
          "runAfter": {
            "Get_item": [
              "Succeeded"
            ]
          },
          "metadata": {
            "%252fTemplateASDDD2875%252fTemplate-DD-2875%2bSAAR%2bfor%2bSharePoint.docx": "/TemplateASDDD2875/Template-DD-2875 SAAR for SharePoint.docx",
            "operationMetadataId": "44d3b6b0-a61e-4bd5-bb6f-dc3b24ed187c",
            "%252fTemplateASDAUP%252fTemplate_AccountRequest_AUP.docx": "/TemplateASDAUP/Template_AccountRequest_AUP.docx",
            "%252fTemplateASDPLAA%252fTemplate_AccountRequest_PLAA.docx": "/TemplateASDPLAA/Template_AccountRequest_PLAA.docx"
          },
          "type": "OpenApiConnection",
          "inputs": {
            "host": {
              "connectionName": "shared_sharepointonline_2",
              "operationId": "GetFileContent",
              "apiId": "/providers/Microsoft.PowerApps/apis/shared_sharepointonline"
            },
            "parameters": {
              "dataset": "@parameters('ASD Root Site (af_ASDRootSite)')",
              "id": "%252fTemplateASDPLAA%252fTemplate_AccountRequest_PLAA.docx",
              "inferContentType": true
            },
            "authentication": "@parameters('$authentication')"
          }
        },
        "Initialize_variable_FileName": {
          "runAfter": {
            "Get_Template_File_Content": [
              "Succeeded"
            ]
          },
          "metadata": {
            "operationMetadataId": "dafb74b3-b08f-4542-85c4-82d4791cb6dc"
          },
          "type": "InitializeVariable",
          "inputs": {
            "variables": [
              {
                "name": "FileName",
                "type": "string",
                "value": "PLAA-@{outputs('Get_item')?['body/Title']}_@{formatDateTime(utcNow(), 'yyyyMMdd_HHmm')}"
              }
            ]
          }
        },
        "Initialize_variable_Enclaves": {
          "runAfter": {
            "Initialize_variable_FileName": [
              "Succeeded"
            ]
          },
          "metadata": {
            "operationMetadataId": "393ebe0a-eef2-4f5c-a391-303d5e80eeb8"
          },
          "type": "InitializeVariable",
          "inputs": {
            "variables": [
              {
                "name": "Enclaves",
                "type": "string"
              }
            ]
          }
        },
        "Append_All_Domain_Enclaves_to_String": {
          "foreach": "@outputs('Get_item')?['body/Domain']",
          "actions": {
            "Append_All_Enclaves_to_String": {
              "runAfter": {
                "Parse_JSON": [
                  "Succeeded"
                ]
              },
              "metadata": {
                "operationMetadataId": "3a2cb022-6f75-40b9-9276-4d3a67ba9716"
              },
              "type": "AppendToStringVariable",
              "inputs": {
                "name": "Enclaves",
                "value": "@{body('Parse_JSON')?['Value']}, "
              }
            },
            "Parse_JSON": {
              "runAfter": {},
              "metadata": {
                "operationMetadataId": "900a8c85-ec5a-49c8-b2b3-f20ac59530e4"
              },
              "type": "ParseJson",
              "inputs": {
                "content": "@items('Append_All_Domain_Enclaves_to_String')",
                "schema": {
                  "type": "object",
                  "properties": {
                    "@@odata.type": {
                      "type": "string"
                    },
                    "Id": {
                      "type": "integer"
                    },
                    "Value": {
                      "type": "string"
                    }
                  }
                }
              }
            }
          },
          "runAfter": {
            "Initialize_variable_Enclaves": [
              "Succeeded"
            ]
          },
          "metadata": {
            "operationMetadataId": "99bb72fd-887e-4acf-b3f4-7e8a6ba37f9c"
          },
          "type": "Foreach"
        },
        "Create_file_from_Template": {
          "runAfter": {
            "Append_All_Domain_Enclaves_to_String": [
              "Succeeded"
            ]
          },
          "metadata": {
            "operationMetadataId": "568357bb-6dc7-4b68-ac3a-add63f4ff23f"
          },
          "type": "OpenApiConnection",
          "inputs": {
            "host": {
              "connectionName": "shared_sharepointonline_2",
              "operationId": "CreateFile",
              "apiId": "/providers/Microsoft.PowerApps/apis/shared_sharepointonline"
            },
            "parameters": {
              "dataset": "@parameters('ASD Root Site (af_ASDRootSite)')",
              "folderPath": "/TemplateASDPLAA",
              "name": "@{variables('FileName')}.docx",
              "body": "@body('Get_Template_File_Content')"
            },
            "authentication": "@parameters('$authentication')"
          },
          "runtimeConfiguration": {
            "contentTransfer": {
              "transferMode": "Chunked"
            }
          }
        },
        "Get_file_content_from_Updated_Template": {
          "runAfter": {
            "Update_file_properties": [
              "Succeeded"
            ]
          },
          "metadata": {
            "operationMetadataId": "30f3a5fc-16df-4763-8c01-64af040b05ec"
          },
          "type": "OpenApiConnection",
          "inputs": {
            "host": {
              "connectionName": "shared_sharepointonline_2",
              "operationId": "GetFileContent",
              "apiId": "/providers/Microsoft.PowerApps/apis/shared_sharepointonline"
            },
            "parameters": {
              "dataset": "@parameters('ASD Root Site (af_ASDRootSite)')",
              "id": "@outputs('Update_file_properties')?['body/{Identifier}']",
              "inferContentType": true
            },
            "authentication": "@parameters('$authentication')"
          }
        },
        "Create_file_Word_Template": {
          "runAfter": {
            "Get_file_content_from_Updated_Template": [
              "Succeeded"
            ]
          },
          "metadata": {
            "operationMetadataId": "0fdb0776-eb87-4f4f-9be7-dfba8e4719b2"
          },
          "type": "OpenApiConnection",
          "inputs": {
            "host": {
              "connectionName": "shared_onedriveforbusiness",
              "operationId": "CreateFile",
              "apiId": "/providers/Microsoft.PowerApps/apis/shared_onedriveforbusiness"
            },
            "parameters": {
              "folderPath": "ASD/",
              "name": "@outputs('Update_file_properties')?['body/{FilenameWithExtension}']",
              "body": "@body('Get_file_content_from_Updated_Template')"
            },
            "authentication": "@parameters('$authentication')"
          },
          "runtimeConfiguration": {
            "contentTransfer": {
              "transferMode": "Chunked"
            }
          }
        },
        "Convert_file": {
          "runAfter": {
            "Create_file_Word_Template": [
              "Succeeded"
            ]
          },
          "metadata": {
            "operationMetadataId": "48c16660-45d6-4fdc-badf-6725efc33aa3"
          },
          "type": "OpenApiConnection",
          "inputs": {
            "host": {
              "connectionName": "shared_onedriveforbusiness",
              "operationId": "ConvertFile",
              "apiId": "/providers/Microsoft.PowerApps/apis/shared_onedriveforbusiness"
            },
            "parameters": {
              "id": "@outputs('Create_file_Word_Template')?['body/Id']",
              "type": "PDF"
            },
            "authentication": "@parameters('$authentication')"
          }
        },
        "Add_attachment": {
          "runAfter": {
            "Convert_file": [
              "Succeeded"
            ]
          },
          "metadata": {
            "operationMetadataId": "44a8a2ca-cc17-4eab-b438-4d7726f2a367"
          },
          "type": "OpenApiConnection",
          "inputs": {
            "host": {
              "connectionName": "shared_sharepointonline_2",
              "operationId": "CreateAttachment",
              "apiId": "/providers/Microsoft.PowerApps/apis/shared_sharepointonline"
            },
            "parameters": {
              "dataset": "@parameters('ASD Root Site (af_ASDRootSite)')",
              "table": "@parameters('ASD/ASD Requests (af_ASD_ASDRequests)')",
              "itemId": "@triggerBody()['number']",
              "displayName": "@{variables('FileName')}.pdf",
              "body": "@body('Convert_file')"
            },
            "authentication": "@parameters('$authentication')"
          }
        },
        "Delete_file_-_Clean_Up_Doc_in_Template_Library": {
          "runAfter": {
            "Add_attachment": [
              "Succeeded"
            ]
          },
          "metadata": {
            "operationMetadataId": "b055c39d-475e-4e96-ab30-905571862d71"
          },
          "type": "OpenApiConnection",
          "inputs": {
            "host": {
              "connectionName": "shared_sharepointonline_2",
              "operationId": "DeleteFile",
              "apiId": "/providers/Microsoft.PowerApps/apis/shared_sharepointonline"
            },
            "parameters": {
              "dataset": "@parameters('ASD Root Site (af_ASDRootSite)')",
              "id": "@outputs('Update_file_properties')?['body/{Identifier}']"
            },
            "authentication": "@parameters('$authentication')"
          }
        },
        "Delete_file_-_Clean_Up_Doc_in_OneDrive": {
          "runAfter": {
            "Delete_file_-_Clean_Up_Doc_in_Template_Library": [
              "Succeeded"
            ]
          },
          "metadata": {
            "operationMetadataId": "68584e2f-adaa-40c0-bf0e-7f5672234f47"
          },
          "type": "OpenApiConnection",
          "inputs": {
            "host": {
              "connectionName": "shared_onedriveforbusiness",
              "operationId": "DeleteFile",
              "apiId": "/providers/Microsoft.PowerApps/apis/shared_onedriveforbusiness"
            },
            "parameters": {
              "id": "@outputs('Create_file_Word_Template')?['body/Id']"
            },
            "authentication": "@parameters('$authentication')"
          }
        },
        "Update_file_properties": {
          "runAfter": {
            "Create_file_from_Template": [
              "Succeeded"
            ]
          },
          "metadata": {
            "operationMetadataId": "e11ceac3-47e0-4016-935d-506355eaeb54"
          },
          "type": "OpenApiConnection",
          "inputs": {
            "host": {
              "connectionName": "shared_sharepointonline_2",
              "operationId": "PatchFileItem",
              "apiId": "/providers/Microsoft.PowerApps/apis/shared_sharepointonline"
            },
            "parameters": {
              "dataset": "@parameters('ASD Root Site (af_ASDRootSite)')",
              "table": "@parameters('ASD/PLAA Template Library (af_ASD_PLAATemplateLibrary)')",
              "id": "@outputs('Create_file_from_Template')?['body/ItemId']",
              "item/TXT_x002d_Users_x002d_Name": "@{outputs('Get_item')?['body/LastName']}, @{outputs('Get_item')?['body/FirstName']} @{outputs('Get_item')?['body/MiddleInitial']}",
              "item/TXT_x002d_Organization": "@outputs('Get_item')?['body/Directorate']",
              "item/CB_x002d_NIPR": "@if(contains(variables('Enclaves'), 'NIPR'), true, false)",
              "item/CB_x002d_SIPR": "@if(contains(variables('Enclaves'), 'SIPR'), true, false)",
              "item/CB_x002d_Standalone": false,
              "item/TXT_x002d_Form_x002d_Date": "@outputs('Get_item')?['body/UserSignatureDate']",
              "item/TXT_x002d_EDIPI": "@outputs('Get_item')?['body/EDIPI']",
              "item/TXT_x002d_User_x002d_Signature_x002d_PLAA": "@{outputs('Get_item')?['body/LastName']}, @{outputs('Get_item')?['body/FirstName']} @{outputs('Get_item')?['body/MiddleInitial']} (@{outputs('Get_item')?['body/NIPREmail']})",
              "item/TXT_x002d_User_x002d_Signature_x002d_Cert_x002d_ND": "@{outputs('Get_item')?['body/LastName']}, @{outputs('Get_item')?['body/FirstName']} @{outputs('Get_item')?['body/MiddleInitial']} (@{outputs('Get_item')?['body/NIPREmail']})",
              "item/CB_x002d_IAT": "@if(equals(outputs('Get_item')?['body/IACertVerified'], true), true, false)",
              "item/CB_x002d_ATCTS": "@if(equals(outputs('Get_item')?['body/ACTCSVerified'], true), true, false)",
              "item/CB_x002d_Appt": "@if(equals(outputs('Get_item')?['body/ACTCSVerified'], true), true, false)",
              "item/CB_x002d_IAM": "@if(equals(outputs('Get_item')?['body/IAAction/Value'], 'Approve'), true, false)",
              "item/TXT_x002d_User_x002d_Signature_x002d_IAM": "@{outputs('Get_item')?['body/IAApprover']} (@{outputs('Get_item')?['body/IAApproverEmail']}) on @{outputs('Get_item')?['body/IADateApproved']}"
            },
            "authentication": "@parameters('$authentication')"
          }
        }
      }
    },
    "templateName": null
  },
  "schemaVersion": "1.0.0.0"
}