{
  "properties": {
    "connectionReferences": {
      "shared_sharepointonline_1": {
        "runtimeSource": "invoker",
        "connection": {
          "connectionReferenceLogicalName": "af_ASD_SharePointRef"
        },
        "api": {
          "name": "shared_sharepointonline"
        }
      },
      "shared_onedriveforbusiness_1": {
        "runtimeSource": "invoker",
        "connection": {
          "connectionReferenceLogicalName": "af_ASD_OneDriveforBusinessRef"
        },
        "api": {
          "name": "shared_onedriveforbusiness"
        }
      }
    },
    "definition": {
      "$schema": "https://schema.management.azure.com/providers/Microsoft.Logic/schemas/2016-06-01/workflowdefinition.json#",
      "contentVersion": "1.0.0.0",
      "parameters": {
        "$connections": {
          "defaultValue": {},
          "type": "Object"
        },
        "$authentication": {
          "defaultValue": {},
          "type": "SecureObject"
        },
        "ASD Root Site (af_ASDRootSite)": {
          "defaultValue": "https://j654dev.sharepoint.com/sites/ASD",
          "type": "String",
          "metadata": {
            "schemaName": "af_ASDRootSite"
          }
        },
        "ASD/ASD Requests (af_ASD_ASDRequests)": {
          "defaultValue": "732ceb5e-3e08-480f-99d9-73769fd07252",
          "type": "String",
          "metadata": {
            "schemaName": "af_ASD_ASDRequests"
          }
        },
        "ASD/2875 Template Library (af_ASD_2875TemplateLibrary)": {
          "defaultValue": "b0fba895-f531-48f9-b1e1-ff9d88183d84",
          "type": "String",
          "metadata": {
            "schemaName": "af_ASD_2875TemplateLibrary"
          }
        }
      },
      "triggers": {
        "manual": {
          "metadata": {
            "operationMetadataId": "175c091d-1c12-4346-8375-e881503b873d"
          },
          "type": "Request",
          "kind": "PowerAppV2",
          "inputs": {
            "schema": {
              "type": "object",
              "properties": {
                "number": {
                  "title": "ID",
                  "type": "number",
                  "x-ms-dynamically-added": true,
                  "description": "Enter the record ID",
                  "x-ms-content-hint": "NUMBER"
                }
              },
              "required": [
                "number"
              ]
            }
          }
        }
      },
      "actions": {
        "Get_item": {
          "runAfter": {},
          "metadata": {
            "operationMetadataId": "9050f00c-30ab-4d9e-a57e-baf05db2c55b"
          },
          "type": "OpenApiConnection",
          "inputs": {
            "host": {
              "connectionName": "shared_sharepointonline_1",
              "operationId": "GetItem",
              "apiId": "/providers/Microsoft.PowerApps/apis/shared_sharepointonline"
            },
            "parameters": {
              "dataset": "@parameters('ASD Root Site (af_ASDRootSite)')",
              "table": "@parameters('ASD/ASD Requests (af_ASD_ASDRequests)')",
              "id": "@triggerBody()['number']"
            },
            "authentication": "@parameters('$authentication')"
          }
        },
        "Respond_to_a_PowerApp_or_flow": {
          "runAfter": {
            "Delete_file_-_Clean_Up_Doc_in_OneDrive": [
              "Succeeded"
            ]
          },
          "metadata": {
            "operationMetadataId": "41182263-2740-42e4-bd79-d1af8ef0fb8e"
          },
          "type": "Response",
          "kind": "PowerApp",
          "inputs": {
            "statusCode": 200,
            "body": {
              "success": "@{true}"
            },
            "schema": {
              "type": "object",
              "properties": {
                "success": {
                  "title": "Success",
                  "x-ms-dynamically-added": true,
                  "type": "string"
                }
              }
            }
          }
        },
        "Get_Template_File_Content": {
          "runAfter": {
            "Get_item": [
              "Succeeded"
            ]
          },
          "metadata": {
            "%252fTemplateASDDD2875%252fTemplate-DD-2875%2bSAAR%2bfor%2bSharePoint.docx": "/TemplateASDDD2875/Template-DD-2875 SAAR for SharePoint.docx",
            "operationMetadataId": "44d3b6b0-a61e-4bd5-bb6f-dc3b24ed187c"
          },
          "type": "OpenApiConnection",
          "inputs": {
            "host": {
              "connectionName": "shared_sharepointonline_1",
              "operationId": "GetFileContent",
              "apiId": "/providers/Microsoft.PowerApps/apis/shared_sharepointonline"
            },
            "parameters": {
              "dataset": "@parameters('ASD Root Site (af_ASDRootSite)')",
              "id": "%252fTemplateASDDD2875%252fTemplate-DD-2875%2bSAAR%2bfor%2bSharePoint.docx",
              "inferContentType": true
            },
            "authentication": "@parameters('$authentication')"
          }
        },
        "Initialize_variable_FileName": {
          "runAfter": {
            "Get_Template_File_Content": [
              "Succeeded"
            ]
          },
          "metadata": {
            "operationMetadataId": "dafb74b3-b08f-4542-85c4-82d4791cb6dc"
          },
          "type": "InitializeVariable",
          "inputs": {
            "variables": [
              {
                "name": "FileName",
                "type": "string",
                "value": "DD2875-@{outputs('Get_item')?['body/Title']}_@{formatDateTime(utcNow(), 'yyyyMMdd_HHmm')}"
              }
            ]
          }
        },
        "Initialize_variable_Enclaves": {
          "runAfter": {
            "Initialize_variable_FileName": [
              "Succeeded"
            ]
          },
          "metadata": {
            "operationMetadataId": "393ebe0a-eef2-4f5c-a391-303d5e80eeb8"
          },
          "type": "InitializeVariable",
          "inputs": {
            "variables": [
              {
                "name": "Enclaves",
                "type": "string"
              }
            ]
          }
        },
        "Create_file_from_Template": {
          "runAfter": {
            "Append_All_PrivAccounts_to_String": [
              "Succeeded"
            ]
          },
          "metadata": {
            "operationMetadataId": "568357bb-6dc7-4b68-ac3a-add63f4ff23f"
          },
          "type": "OpenApiConnection",
          "inputs": {
            "host": {
              "connectionName": "shared_sharepointonline_1",
              "operationId": "CreateFile",
              "apiId": "/providers/Microsoft.PowerApps/apis/shared_sharepointonline"
            },
            "parameters": {
              "dataset": "@parameters('ASD Root Site (af_ASDRootSite)')",
              "folderPath": "/TemplateASDDD2875",
              "name": "@{variables('FileName')}.docx",
              "body": "@body('Get_Template_File_Content')"
            },
            "authentication": "@parameters('$authentication')"
          },
          "runtimeConfiguration": {
            "contentTransfer": {
              "transferMode": "Chunked"
            }
          }
        },
        "Update_file_properties_from_ASD_Request": {
          "runAfter": {
            "Create_file_from_Template": [
              "Succeeded"
            ]
          },
          "metadata": {
            "operationMetadataId": "9bbd7882-7189-4003-a547-af45fda75fab"
          },
          "type": "OpenApiConnection",
          "inputs": {
            "host": {
              "connectionName": "shared_sharepointonline_1",
              "operationId": "PatchFileItem",
              "apiId": "/providers/Microsoft.PowerApps/apis/shared_sharepointonline"
            },
            "parameters": {
              "dataset": "@parameters('ASD Root Site (af_ASDRootSite)')",
              "table": "@parameters('ASD/2875 Template Library (af_ASD_2875TemplateLibrary)')",
              "id": "@outputs('Create_file_from_Template')?['body/ItemId']",
              "item/OData__x0030__x002d_CB_x002d_TypeOfRequest_x002d_Initial": "@if( equals( outputs('Get_item')?['body/RequestType/Value'], 'Initial'),  true, false)",
              "item/OData__x0030__x002d_CB_x002d_TypeOfRequest_x002d_Modification": "@if( equals( outputs('Get_item')?['body/RequestType/Value'], 'Modification'),  true, false)",
              "item/OData__x0030__x002d_CB_x002d_TypeOfRequest_x002d_Deactivate": "@if( equals( outputs('Get_item')?['body/RequestType/Value'], 'Deactivate'),  true, false)",
              "item/OData__x0030__x002d_CB_x002d_TypeOfRequest_x002d_UserID": true,
              "item/OData__x0030__x002d_TXT_x002d_TypeOfRequest_x002d_UserID": "@outputs('Get_item')?['body/NIPREmail']",
              "item/OData__x0030__x002d_DATE_x002d_FormDate": "@outputs('Get_item')?['body/RequestDate']",
              "item/OData__x0030__x002d_TXT_x002d_SystemName": "@variables('Enclaves')",
              "item/OData__x0030__x002d_TXT_x002d_Location": "@outputs('Get_item')?['body/WorkLocation']",
              "item/I_x002d_TXT_x002d_1_x002d_Name": "@{outputs('Get_item')?['body/LastName']}, @{outputs('Get_item')?['body/FirstName']} @{outputs('Get_item')?['body/MiddleInitial']}",
              "item/I_x002d_TXT_x002d_2_x002d_Organization": "@outputs('Get_item')?['body/Directorate']",
              "item/I_x002d_TXT_x002d_3_x002d_OfficeSymbol": "@outputs('Get_item')?['body/Department']",
              "item/I_x002d_TXT_x002d_4_x002d_PhoneNumber": "@outputs('Get_item')?['body/PhoneNumber']",
              "item/I_x002d_TXT_x002d_5_x002d_OfficialEmail": "@outputs('Get_item')?['body/NIPREmail']",
              "item/I_x002d_TXT_x002d_6_x002d_JobTitleAndGradeRank": "@{outputs('Get_item')?['body/JobTitle']}/@{outputs('Get_item')?['body/RankName']}",
              "item/I_x002d_TXT_x002d_7_x002d_OfficialMailingAddress": "U.S. Africa Command\nUnit 29951\nAPO, AE 09751",
              "item/I_x002d_CB_x002d_8_x002d_Citizenship_x002d_US": "@if(equals(outputs('Get_item')?['body/Citizenship/Value'], 'US'), true, false)",
              "item/I_x002d_CB_x002d_8_x002d_Citizenship_x002d_FN": "@if(equals(outputs('Get_item')?['body/Citizenship/Value'], 'Foreign National'), true, false)",
              "item/I_x002d_CB_x002d_9_x002d_Designation_x002d_Military": "@if(equals(outputs('Get_item')?['body/Designation/Value'], 'Military'), true, false)",
              "item/I_x002d_CB_x002d_9_x002d_Designation_x002d_Civilian": "@if(equals(outputs('Get_item')?['body/Designation/Value'], 'Civilian'), true, false)",
              "item/I_x002d_CB_x002d_9_x002d_Designation_x002d_Contractor": "@if(equals(outputs('Get_item')?['body/Designation/Value'], 'Contractor'), true, false)",
              "item/I_x002d_CB_x002d_10_x002d_IATraining_x002d_Completed": "@if(empty(outputs('Get_item')?['body/CyberAwarenessCertDate']), false, true)",
              "item/I_x002d_DATE_x002d_10_x002d_IATraining_x002d_Date": "@outputs('Get_item')?['body/CyberAwarenessCertDate']",
              "item/I_x002d_TXT_x002d_11_x002d_UserSignature": "Digitally Signed by: @{outputs('Get_item')?['body/LastName']}, @{outputs('Get_item')?['body/FirstName']} @{outputs('Get_item')?['body/MiddleInitial']} on @{outputs('Get_item')?['body/UserSignatureDate']}",
              "item/I_x002d_DATE_x002d_12_x002d_Date": "@outputs('Get_item')?['body/RequestDate']",
              "item/II_x002d_MLTXT_x002d_13_x002d_Justification": "@outputs('Get_item')?['body/SponsorJustification']",
              "item/II_x002d_CB_x002d_14_x002d_TypeOfAccess_x002d_Authorized": "@if(equals(outputs('Get_item')?['body/AccountType/Value'], 'Authorized Account'), true, false)",
              "item/II_x002d_CB_x002d_14_x002d_TypeOfAccess_x002d_Privileged": "@if(equals(outputs('Get_item')?['body/AccountType/Value'], 'Privileged Account'), true, false)",
              "item/II_x002d_CB_x002d_15_x002d_UserReqAcc_x002d_Unclass": "@if(contains(variables('Enclaves'), 'NIPR'), true, false)",
              "item/II_x002d_CB_x002d_15_x002d_UserReqAcc_x002d_Class": "@if(contains(variables('Enclaves'), 'SIPR'), true, false)",
              "item/II_x002d_TXT_x002d_15_x002d_UserReqAcc_x002d_Class": "@if(contains(variables('Enclaves'), 'SIPR'), 'SIPR', '')",
              "item/II_x002d_TXT_x002d_15_x002d_UserReqAcc_x002d_Other": "-",
              "item/II_x002d_CB_x002d_16_x002d_NeedToKnow": "@outputs('Get_item')?['body/VerificationNeedToKnow']",
              "item/II_x002d_DATE_x002d_16_x002d_AccExpDate": "@outputs('Get_item')?['body/AccessExpirationDate']",
              "item/II_x002d_TXT_x002d_17_x002d_SupvName": "@outputs('Get_item')?['body/Sponsor/DisplayName']",
              "item/II_x002d_TXT_x002d_18_x002d_SupvSignature": "Digitally Signed by: @{outputs('Get_item')?['body/Sponsor/DisplayName']} \non @{outputs('Get_item')?['body/SponsorDateSigned']}",
              "item/II_x002d_DATE_x002d_19_x002d_Date": "@outputs('Get_item')?['body/SponsorDateSigned']",
              "item/II_x002d_TXT_x002d_20_x002d_SupvOrgDept": "@{outputs('Get_item')?['body/SponsorOrganization']}/@{outputs('Get_item')?['body/SponsorDepartment']}",
              "item/II_x002d_TXT_x002d_20A_x002d_SupvEmailAddr": "@outputs('Get_item')?['body/SponsorEmail']",
              "item/II_x002d_TXT_x002d_20B_x002d_Phone": "@outputs('Get_item')?['body/SponsorDSN']",
              "item/II_x002d_TXT_x002d_21_x002d_Sig_x002d_IAO_x002d_OPR": "@outputs('Get_item')?['body/IAApprover']",
              "item/II_x002d_TXT_x002d_21A_x002d_Phone": "@outputs('Get_item')?['body/IADSN']",
              "item/II_x002d_DATE_x002d_21B_x002d_Date": "@outputs('Get_item')?['body/IADateApproved']",
              "item/II_x002d_TXT_x002d_22_x002d_Sig_x002d_IAO": "@outputs('Get_item')?['body/ASDFinalReviewer']",
              "item/II_x002d_TXT_x002d_23_x002d_OrgDept": "Account Service Desk",
              "item/II_x002d_TXT_x002d_24_x002d_Phone": "@outputs('Get_item')?['body/ASDFinalReviewerDSN']",
              "item/II_x002d_DATE_x002d_25_x002d_Date": "@outputs('Get_item')?['body/ASDSignatureDate']",
              "item/II_x002d_TXT_x002d_26_x002d_Name": "@outputs('Get_item')?['body/Title']",
              "item/II_x002d_MLTXT_x002d_27_x002d_OptInfo": "CTR Company & Contract #: @{outputs('Get_item')?['body/Company']} / @{outputs('Get_item')?['body/ContractNumber']}\n@{if(not(empty(variables('PrivAccounts'))), concat('Privilege Account Required: ', variables('PrivAccounts')) , '')}",
              "item/III_x002d_TXT_x002d_28_x002d_Investigation_x002d_Type": "@outputs('Get_item')?['body/SMInvestigationType']",
              "item/III_x002d_DATE_x002d_28A_x002d_Investigation_x002d_Date": "@outputs('Get_item')?['body/SMInvestigationDate']",
              "item/III_x002d_TXT_x002d_28B_x002d_ClearanceLVL": "@outputs('Get_item')?['body/SMClearanceLevel/Value']",
              "item/III_x002d_CB_x002d_28C_x002d_LVLDesig_x002d_I": "@if(equals(outputs('Get_item')?['body/SMITLevelDesignation/Value'], 'Level I'), true, false)",
              "item/III_x002d_CB_x002d_28C_x002d_LVLDesig_x002d_II": "@if(equals(outputs('Get_item')?['body/SMITLevelDesignation/Value'], 'Level II'), true, false)",
              "item/III_x002d_CB_x002d_28C_x002d_LVLDesig_x002d_III": "@if(equals(outputs('Get_item')?['body/SMITLevelDesignation/Value'], 'Level III'), true, false)",
              "item/III_x002d_TXT_x002d_29_x002d_VerifiedBy": "@outputs('Get_item')?['body/SecurityManagerName']",
              "item/III_x002d_TXT_x002d_30_x002d_SecManPhone": "@outputs('Get_item')?['body/SMPhone']",
              "item/III_x002d_TXT_x002d_31_x002d_SecManSig": "Digitally Signed by: @{outputs('Get_item')?['body/SecurityManagerName']} on @{outputs('Get_item')?['body/SMDeterminationDate']}",
              "item/III_x002d_DATE_x002d_32_x002d_Date": "@outputs('Get_item')?['body/SMDeterminationDate']"
            },
            "authentication": "@parameters('$authentication')"
          }
        },
        "Get_file_content_from_Updated_Template": {
          "runAfter": {
            "Update_file_properties_from_ASD_Request": [
              "Succeeded"
            ]
          },
          "metadata": {
            "operationMetadataId": "30f3a5fc-16df-4763-8c01-64af040b05ec"
          },
          "type": "OpenApiConnection",
          "inputs": {
            "host": {
              "connectionName": "shared_sharepointonline_1",
              "operationId": "GetFileContent",
              "apiId": "/providers/Microsoft.PowerApps/apis/shared_sharepointonline"
            },
            "parameters": {
              "dataset": "@parameters('ASD Root Site (af_ASDRootSite)')",
              "id": "@outputs('Update_file_properties_from_ASD_Request')?['body/{Identifier}']",
              "inferContentType": true
            },
            "authentication": "@parameters('$authentication')"
          }
        },
        "Create_file_Word_Template": {
          "runAfter": {
            "Get_file_content_from_Updated_Template": [
              "Succeeded"
            ]
          },
          "metadata": {
            "operationMetadataId": "0fdb0776-eb87-4f4f-9be7-dfba8e4719b2"
          },
          "type": "OpenApiConnection",
          "inputs": {
            "host": {
              "connectionName": "shared_onedriveforbusiness_1",
              "operationId": "CreateFile",
              "apiId": "/providers/Microsoft.PowerApps/apis/shared_onedriveforbusiness"
            },
            "parameters": {
              "folderPath": "ASD/",
              "name": "@outputs('Update_file_properties_from_ASD_Request')?['body/{FilenameWithExtension}']",
              "body": "@body('Get_file_content_from_Updated_Template')"
            },
            "authentication": "@parameters('$authentication')"
          },
          "runtimeConfiguration": {
            "contentTransfer": {
              "transferMode": "Chunked"
            }
          }
        },
        "Convert_file": {
          "runAfter": {
            "Create_file_Word_Template": [
              "Succeeded"
            ]
          },
          "metadata": {
            "operationMetadataId": "48c16660-45d6-4fdc-badf-6725efc33aa3"
          },
          "type": "OpenApiConnection",
          "inputs": {
            "host": {
              "connectionName": "shared_onedriveforbusiness_1",
              "operationId": "ConvertFile",
              "apiId": "/providers/Microsoft.PowerApps/apis/shared_onedriveforbusiness"
            },
            "parameters": {
              "id": "@outputs('Create_file_Word_Template')?['body/Id']",
              "type": "PDF"
            },
            "authentication": "@parameters('$authentication')"
          }
        },
        "Add_attachment": {
          "runAfter": {
            "Convert_file": [
              "Succeeded"
            ]
          },
          "metadata": {
            "operationMetadataId": "44a8a2ca-cc17-4eab-b438-4d7726f2a367"
          },
          "type": "OpenApiConnection",
          "inputs": {
            "host": {
              "connectionName": "shared_sharepointonline_1",
              "operationId": "CreateAttachment",
              "apiId": "/providers/Microsoft.PowerApps/apis/shared_sharepointonline"
            },
            "parameters": {
              "dataset": "@parameters('ASD Root Site (af_ASDRootSite)')",
              "table": "@parameters('ASD/ASD Requests (af_ASD_ASDRequests)')",
              "itemId": "@triggerBody()['number']",
              "displayName": "@{variables('FileName')}.pdf",
              "body": "@body('Convert_file')"
            },
            "authentication": "@parameters('$authentication')"
          }
        },
        "Delete_file_-_Clean_Up_Doc_in_Template_Library": {
          "runAfter": {
            "Add_attachment": [
              "Succeeded"
            ]
          },
          "metadata": {
            "operationMetadataId": "b055c39d-475e-4e96-ab30-905571862d71"
          },
          "type": "OpenApiConnection",
          "inputs": {
            "host": {
              "connectionName": "shared_sharepointonline_1",
              "operationId": "DeleteFile",
              "apiId": "/providers/Microsoft.PowerApps/apis/shared_sharepointonline"
            },
            "parameters": {
              "dataset": "@parameters('ASD Root Site (af_ASDRootSite)')",
              "id": "@outputs('Update_file_properties_from_ASD_Request')?['body/{Identifier}']"
            },
            "authentication": "@parameters('$authentication')"
          }
        },
        "Delete_file_-_Clean_Up_Doc_in_OneDrive": {
          "runAfter": {
            "Delete_file_-_Clean_Up_Doc_in_Template_Library": [
              "Succeeded"
            ]
          },
          "metadata": {
            "operationMetadataId": "68584e2f-adaa-40c0-bf0e-7f5672234f47"
          },
          "type": "OpenApiConnection",
          "inputs": {
            "host": {
              "connectionName": "shared_onedriveforbusiness_1",
              "operationId": "DeleteFile",
              "apiId": "/providers/Microsoft.PowerApps/apis/shared_onedriveforbusiness"
            },
            "parameters": {
              "id": "@outputs('Create_file_Word_Template')?['body/Id']"
            },
            "authentication": "@parameters('$authentication')"
          }
        },
        "Initialize_variable_PrivAccounts": {
          "runAfter": {
            "Append_All_Domain_Enclaves_to_String": [
              "Succeeded"
            ]
          },
          "metadata": {
            "operationMetadataId": "c8463ee7-b7e3-40ce-99e0-36322d9edb28"
          },
          "type": "InitializeVariable",
          "inputs": {
            "variables": [
              {
                "name": "PrivAccounts",
                "type": "string"
              }
            ]
          }
        },
        "Append_All_Domain_Enclaves_to_String": {
          "foreach": "@outputs('Get_item')?['body/Domain']",
          "actions": {
            "Append_All_Enclaves_to_String": {
              "runAfter": {
                "Parse_JSON": [
                  "Succeeded"
                ]
              },
              "metadata": {
                "operationMetadataId": "3a2cb022-6f75-40b9-9276-4d3a67ba9716"
              },
              "type": "AppendToStringVariable",
              "inputs": {
                "name": "Enclaves",
                "value": "@{body('Parse_JSON')?['Value']}, "
              }
            },
            "Parse_JSON": {
              "runAfter": {},
              "metadata": {
                "operationMetadataId": "900a8c85-ec5a-49c8-b2b3-f20ac59530e4"
              },
              "type": "ParseJson",
              "inputs": {
                "content": "@items('Append_All_Domain_Enclaves_to_String')",
                "schema": {
                  "type": "object",
                  "properties": {
                    "@@odata.type": {
                      "type": "string"
                    },
                    "Id": {
                      "type": "integer"
                    },
                    "Value": {
                      "type": "string"
                    }
                  }
                }
              }
            }
          },
          "runAfter": {
            "Initialize_variable_Enclaves": [
              "Succeeded"
            ]
          },
          "metadata": {
            "operationMetadataId": "99bb72fd-887e-4acf-b3f4-7e8a6ba37f9c"
          },
          "type": "Foreach"
        },
        "Append_All_PrivAccounts_to_String": {
          "foreach": "@outputs('Get_item')?['body/AdminAccountTypes']",
          "actions": {
            "Append_All_Enclaves_to_String_2": {
              "runAfter": {
                "Parse_JSON_2": [
                  "Succeeded"
                ]
              },
              "metadata": {
                "operationMetadataId": "3a2cb022-6f75-40b9-9276-4d3a67ba9716"
              },
              "type": "AppendToStringVariable",
              "inputs": {
                "name": "PrivAccounts",
                "value": "@{body('Parse_JSON_2')?['Value']}, "
              }
            },
            "Parse_JSON_2": {
              "runAfter": {},
              "metadata": {
                "operationMetadataId": "900a8c85-ec5a-49c8-b2b3-f20ac59530e4"
              },
              "type": "ParseJson",
              "inputs": {
                "content": "@items('Append_All_PrivAccounts_to_String')",
                "schema": {
                  "type": "object",
                  "properties": {
                    "@@odata.type": {
                      "type": "string"
                    },
                    "Id": {
                      "type": "integer"
                    },
                    "Value": {
                      "type": "string"
                    }
                  }
                }
              }
            }
          },
          "runAfter": {
            "Initialize_variable_PrivAccounts": [
              "Succeeded"
            ]
          },
          "metadata": {
            "operationMetadataId": "99bb72fd-887e-4acf-b3f4-7e8a6ba37f9c"
          },
          "type": "Foreach"
        }
      },
      "outputs": {}
    },
    "templateName": null
  },
  "schemaVersion": "1.0.0.0"
}