{
  "properties": {
    "connectionReferences": {
      "shared_sharepointonline_1": {
        "runtimeSource": "invoker",
        "connection": {
          "connectionReferenceLogicalName": "af_ASD_SharePointRef"
        },
        "api": {
          "name": "shared_sharepointonline"
        }
      },
      "shared_onedriveforbusiness_1": {
        "runtimeSource": "invoker",
        "connection": {
          "connectionReferenceLogicalName": "af_ASD_OneDriveforBusinessRef"
        },
        "api": {
          "name": "shared_onedriveforbusiness"
        }
      }
    },
    "definition": {
      "$schema": "https://schema.management.azure.com/providers/Microsoft.Logic/schemas/2016-06-01/workflowdefinition.json#",
      "contentVersion": "1.0.0.0",
      "parameters": {
        "$connections": {
          "defaultValue": {},
          "type": "Object"
        },
        "$authentication": {
          "defaultValue": {},
          "type": "SecureObject"
        },
        "ASD Root Site (af_ASDRootSite)": {
          "defaultValue": "https://j654dev.sharepoint.com/sites/ASD",
          "type": "String",
          "metadata": {
            "schemaName": "af_ASDRootSite"
          }
        },
        "ASD/ASD Requests (af_ASD_ASDRequests)": {
          "defaultValue": "732ceb5e-3e08-480f-99d9-73769fd07252",
          "type": "String",
          "metadata": {
            "schemaName": "af_ASD_ASDRequests"
          }
        },
        "ASD/Orders Template Library (af_ASD_OrdersTemplateLibrary)": {
          "defaultValue": "63a7b5e9-3ed9-401b-86dd-b067f1dc4f98",
          "type": "String",
          "metadata": {
            "schemaName": "af_ASD_OrdersTemplateLibrary"
          }
        }
      },
      "triggers": {
        "manual": {
          "metadata": {
            "operationMetadataId": "2462a6e2-6efd-4fe7-87f0-ef83b7aae3a3"
          },
          "type": "Request",
          "kind": "PowerAppV2",
          "inputs": {
            "schema": {
              "type": "object",
              "properties": {
                "number": {
                  "title": "ID",
                  "type": "number",
                  "x-ms-dynamically-added": true,
                  "description": "Enter the record ID",
                  "x-ms-content-hint": "NUMBER"
                }
              },
              "required": [
                "number"
              ]
            }
          }
        }
      },
      "actions": {
        "Get_item": {
          "runAfter": {},
          "metadata": {
            "operationMetadataId": "85056da9-6aa6-42a2-8c57-dd78004ae029"
          },
          "type": "OpenApiConnection",
          "inputs": {
            "host": {
              "connectionName": "shared_sharepointonline_1",
              "operationId": "GetItem",
              "apiId": "/providers/Microsoft.PowerApps/apis/shared_sharepointonline"
            },
            "parameters": {
              "dataset": "@parameters('ASD Root Site (af_ASDRootSite)')",
              "table": "@parameters('ASD/ASD Requests (af_ASD_ASDRequests)')",
              "id": "@triggerBody()['number']"
            },
            "authentication": "@parameters('$authentication')"
          }
        },
        "Initialize_variable_FileName": {
          "runAfter": {
            "Get_item": [
              "Succeeded"
            ]
          },
          "metadata": {
            "operationMetadataId": "dafb74b3-b08f-4542-85c4-82d4791cb6dc"
          },
          "type": "InitializeVariable",
          "inputs": {
            "variables": [
              {
                "name": "FileName",
                "type": "string",
                "value": "ORDERS-@{outputs('Get_item')?['body/Title']}_@{formatDateTime(utcNow(), 'yyyyMMdd_HHmm')}"
              }
            ]
          }
        },
        "Condition": {
          "actions": {
            "Get_Template_File_Content_DA": {
              "runAfter": {},
              "metadata": {
                "%252fTemplateASDDD2875%252fTemplate-DD-2875%2bSAAR%2bfor%2bSharePoint.docx": "/TemplateASDDD2875/Template-DD-2875 SAAR for SharePoint.docx",
                "operationMetadataId": "44d3b6b0-a61e-4bd5-bb6f-dc3b24ed187c",
                "%252fTemplateASDAUP%252fTemplate_AccountRequest_AUP.docx": "/TemplateASDAUP/Template_AccountRequest_AUP.docx",
                "%252fTemplateASDPLAA%252fTemplate_AccountRequest_PLAA.docx": "/TemplateASDPLAA/Template_AccountRequest_PLAA.docx",
                "%252fTemplateApptMemoSystem%252fTemplate_Memo_Domain.docx": "/TemplateApptMemoSystem/Template_Memo_Domain.docx"
              },
              "type": "OpenApiConnection",
              "inputs": {
                "host": {
                  "connectionName": "shared_sharepointonline_1",
                  "operationId": "GetFileContent",
                  "apiId": "/providers/Microsoft.PowerApps/apis/shared_sharepointonline"
                },
                "parameters": {
                  "dataset": "@parameters('ASD Root Site (af_ASDRootSite)')",
                  "id": "%252fTemplateApptMemoSystem%252fTemplate_Memo_Domain.docx",
                  "inferContentType": true
                },
                "authentication": "@parameters('$authentication')"
              }
            },
            "Create_file_from_Template": {
              "runAfter": {
                "Get_Template_File_Content_DA": [
                  "Succeeded"
                ]
              },
              "metadata": {
                "operationMetadataId": "568357bb-6dc7-4b68-ac3a-add63f4ff23f"
              },
              "type": "OpenApiConnection",
              "inputs": {
                "host": {
                  "connectionName": "shared_sharepointonline_1",
                  "operationId": "CreateFile",
                  "apiId": "/providers/Microsoft.PowerApps/apis/shared_sharepointonline"
                },
                "parameters": {
                  "dataset": "@parameters('ASD Root Site (af_ASDRootSite)')",
                  "folderPath": "/TemplateApptMemoSystem",
                  "name": "DA-@{variables('FileName')}.docx",
                  "body": "@body('Get_Template_File_Content_DA')"
                },
                "authentication": "@parameters('$authentication')"
              },
              "runtimeConfiguration": {
                "contentTransfer": {
                  "transferMode": "Chunked"
                }
              }
            },
            "Get_file_content_from_Updated_Template": {
              "runAfter": {
                "Update_file_properties": [
                  "Succeeded"
                ]
              },
              "metadata": {
                "operationMetadataId": "30f3a5fc-16df-4763-8c01-64af040b05ec"
              },
              "type": "OpenApiConnection",
              "inputs": {
                "host": {
                  "connectionName": "shared_sharepointonline_1",
                  "operationId": "GetFileContent",
                  "apiId": "/providers/Microsoft.PowerApps/apis/shared_sharepointonline"
                },
                "parameters": {
                  "dataset": "@parameters('ASD Root Site (af_ASDRootSite)')",
                  "id": "@outputs('Update_file_properties')?['body/{Identifier}']",
                  "inferContentType": true
                },
                "authentication": "@parameters('$authentication')"
              }
            },
            "Create_file_Word_Template": {
              "runAfter": {
                "Get_file_content_from_Updated_Template": [
                  "Succeeded"
                ]
              },
              "metadata": {
                "operationMetadataId": "0fdb0776-eb87-4f4f-9be7-dfba8e4719b2"
              },
              "type": "OpenApiConnection",
              "inputs": {
                "host": {
                  "connectionName": "shared_onedriveforbusiness_1",
                  "operationId": "CreateFile",
                  "apiId": "/providers/Microsoft.PowerApps/apis/shared_onedriveforbusiness"
                },
                "parameters": {
                  "folderPath": "ASD/",
                  "name": "@outputs('Update_file_properties')?['body/{FilenameWithExtension}']",
                  "body": "@body('Get_file_content_from_Updated_Template')"
                },
                "authentication": "@parameters('$authentication')"
              },
              "runtimeConfiguration": {
                "contentTransfer": {
                  "transferMode": "Chunked"
                }
              }
            },
            "Convert_file": {
              "runAfter": {
                "Create_file_Word_Template": [
                  "Succeeded"
                ]
              },
              "metadata": {
                "operationMetadataId": "48c16660-45d6-4fdc-badf-6725efc33aa3"
              },
              "type": "OpenApiConnection",
              "inputs": {
                "host": {
                  "connectionName": "shared_onedriveforbusiness_1",
                  "operationId": "ConvertFile",
                  "apiId": "/providers/Microsoft.PowerApps/apis/shared_onedriveforbusiness"
                },
                "parameters": {
                  "id": "@outputs('Create_file_Word_Template')?['body/Id']",
                  "type": "PDF"
                },
                "authentication": "@parameters('$authentication')"
              }
            },
            "Add_attachment": {
              "runAfter": {
                "Convert_file": [
                  "Succeeded"
                ]
              },
              "metadata": {
                "operationMetadataId": "44a8a2ca-cc17-4eab-b438-4d7726f2a367"
              },
              "type": "OpenApiConnection",
              "inputs": {
                "host": {
                  "connectionName": "shared_sharepointonline_1",
                  "operationId": "CreateAttachment",
                  "apiId": "/providers/Microsoft.PowerApps/apis/shared_sharepointonline"
                },
                "parameters": {
                  "dataset": "@parameters('ASD Root Site (af_ASDRootSite)')",
                  "table": "@parameters('ASD/ASD Requests (af_ASD_ASDRequests)')",
                  "itemId": "@triggerBody()['number']",
                  "displayName": "DA-@{variables('FileName')}.pdf",
                  "body": "@body('Convert_file')"
                },
                "authentication": "@parameters('$authentication')"
              }
            },
            "Delete_file_-_Clean_Up_Doc_in_Template_Library": {
              "runAfter": {
                "Add_attachment": [
                  "Succeeded"
                ]
              },
              "metadata": {
                "operationMetadataId": "b055c39d-475e-4e96-ab30-905571862d71"
              },
              "type": "OpenApiConnection",
              "inputs": {
                "host": {
                  "connectionName": "shared_sharepointonline_1",
                  "operationId": "DeleteFile",
                  "apiId": "/providers/Microsoft.PowerApps/apis/shared_sharepointonline"
                },
                "parameters": {
                  "dataset": "@parameters('ASD Root Site (af_ASDRootSite)')",
                  "id": "@outputs('Update_file_properties')?['body/{Identifier}']"
                },
                "authentication": "@parameters('$authentication')"
              }
            },
            "Delete_file_-_Clean_Up_Doc_in_OneDrive": {
              "runAfter": {
                "Delete_file_-_Clean_Up_Doc_in_Template_Library": [
                  "Succeeded"
                ]
              },
              "metadata": {
                "operationMetadataId": "68584e2f-adaa-40c0-bf0e-7f5672234f47"
              },
              "type": "OpenApiConnection",
              "inputs": {
                "host": {
                  "connectionName": "shared_onedriveforbusiness_1",
                  "operationId": "DeleteFile",
                  "apiId": "/providers/Microsoft.PowerApps/apis/shared_onedriveforbusiness"
                },
                "parameters": {
                  "id": "@outputs('Create_file_Word_Template')?['body/Id']"
                },
                "authentication": "@parameters('$authentication')"
              }
            },
            "Update_file_properties": {
              "runAfter": {
                "Create_file_from_Template": [
                  "Succeeded"
                ]
              },
              "metadata": {
                "operationMetadataId": "fc1e5137-5b68-4d4d-9d82-3f60082b3ba8"
              },
              "type": "OpenApiConnection",
              "inputs": {
                "host": {
                  "connectionName": "shared_sharepointonline_1",
                  "operationId": "PatchFileItem",
                  "apiId": "/providers/Microsoft.PowerApps/apis/shared_sharepointonline"
                },
                "parameters": {
                  "dataset": "@parameters('ASD Root Site (af_ASDRootSite)')",
                  "table": "@parameters('ASD/Orders Template Library (af_ASD_OrdersTemplateLibrary)')",
                  "id": "@outputs('Create_file_from_Template')?['body/ItemId']",
                  "item/Title": "@{outputs('Get_item')?['body/LastName']} @{outputs('Get_item')?['body/NameSuffix/Value']}, @{outputs('Get_item')?['body/FirstName']} @{outputs('Get_item')?['body/MiddleInitial']} ",
                  "item/D_x002d_Date": "@utcNow()",
                  "item/TXT_x002d_Job_x002d_Title": "@outputs('Get_item')?['body/JobTitle']",
                  "item/CB_x002d_Position_x002d_IT_x002d_1": false,
                  "item/CB_x002d_Position_x002d_IT_x002d_2": false,
                  "item/CB_x002d_IAT_x002d_Level_x002d_1": false,
                  "item/CB_x002d_IAT_x002d_Level_x002d_2": false,
                  "item/TXT_x002d_Security_x002d_Clearance": "@outputs('Get_item')?['body/SMClearanceLevel/Value']",
                  "item/TXT_x002d_Work_x002d_Location": "@outputs('Get_item')?['body/WorkLocation']",
                  "item/TXT_x002d_Telephone": "@outputs('Get_item')?['body/PhoneNumber']",
                  "item/TXT_x002d_Email": "@outputs('Get_item')?['body/NIPREmail']",
                  "item/TXT_x002d_Directorate": "@outputs('Get_item')?['body/IAOrganization']",
                  "item/TXT_x002d_AENAdmin_x002d_Signature": "Digitally Signed by: @{outputs('Get_item')?['body/ASDFinalReviewer']} (@{outputs('Get_item')?['body/ASDFinalReviewerEmail']}) on @{outputs('Get_item')?['body/ASDSignatureDate']}",
                  "item/TXT_x002d_ISSM_x002d_Signature": "Digitally Signed by:  @{outputs('Get_item')?['body/LastName']}, @{outputs('Get_item')?['body/FirstName']} @{outputs('Get_item')?['body/MiddleInitial']} (@{outputs('Get_item')?['body/NIPREmail']}) on @{outputs('Get_item')?['body/UserSignatureDate']}"
                },
                "authentication": "@parameters('$authentication')"
              }
            }
          },
          "runAfter": {
            "Append_All_PrivAccounts_to_String": [
              "Succeeded"
            ]
          },
          "expression": {
            "contains": [
              "@variables('PrivAccounts')",
              "DA"
            ]
          },
          "metadata": {
            "operationMetadataId": "912cd5d0-fcda-4409-84f9-d128d768089f"
          },
          "type": "If"
        },
        "Initialize_variable_PrivAccounts": {
          "runAfter": {
            "Initialize_variable_FileName": [
              "Succeeded"
            ]
          },
          "metadata": {
            "operationMetadataId": "393ebe0a-eef2-4f5c-a391-303d5e80eeb8"
          },
          "type": "InitializeVariable",
          "inputs": {
            "variables": [
              {
                "name": "PrivAccounts",
                "type": "string"
              }
            ]
          }
        },
        "Append_All_PrivAccounts_to_String": {
          "foreach": "@outputs('Get_item')?['body/AdminAccountTypes']",
          "actions": {
            "Append_All_Enclaves_to_String": {
              "runAfter": {
                "Parse_JSON": [
                  "Succeeded"
                ]
              },
              "metadata": {
                "operationMetadataId": "3a2cb022-6f75-40b9-9276-4d3a67ba9716"
              },
              "type": "AppendToStringVariable",
              "inputs": {
                "name": "PrivAccounts",
                "value": "@{body('Parse_JSON')?['Value']}, "
              }
            },
            "Parse_JSON": {
              "runAfter": {},
              "metadata": {
                "operationMetadataId": "900a8c85-ec5a-49c8-b2b3-f20ac59530e4"
              },
              "type": "ParseJson",
              "inputs": {
                "content": "@items('Append_All_PrivAccounts_to_String')",
                "schema": {
                  "type": "object",
                  "properties": {
                    "@@odata.type": {
                      "type": "string"
                    },
                    "Id": {
                      "type": "integer"
                    },
                    "Value": {
                      "type": "string"
                    }
                  }
                }
              }
            }
          },
          "runAfter": {
            "Initialize_variable_PrivAccounts": [
              "Succeeded"
            ]
          },
          "metadata": {
            "operationMetadataId": "99bb72fd-887e-4acf-b3f4-7e8a6ba37f9c"
          },
          "type": "Foreach"
        },
        "Condition_2": {
          "actions": {
            "Create_file_from_Template_2": {
              "runAfter": {
                "Get_Template_File_Content_SA": [
                  "Succeeded"
                ]
              },
              "metadata": {
                "operationMetadataId": "568357bb-6dc7-4b68-ac3a-add63f4ff23f"
              },
              "type": "OpenApiConnection",
              "inputs": {
                "host": {
                  "connectionName": "shared_sharepointonline_1",
                  "operationId": "CreateFile",
                  "apiId": "/providers/Microsoft.PowerApps/apis/shared_sharepointonline"
                },
                "parameters": {
                  "dataset": "@parameters('ASD Root Site (af_ASDRootSite)')",
                  "folderPath": "/TemplateApptMemoSystem",
                  "name": "SA-@{variables('FileName')}.docx",
                  "body": "@body('Get_Template_File_Content_SA')"
                },
                "authentication": "@parameters('$authentication')"
              },
              "runtimeConfiguration": {
                "contentTransfer": {
                  "transferMode": "Chunked"
                }
              }
            },
            "Get_file_content_from_Updated_Template_2": {
              "runAfter": {
                "Update_file_properties_2": [
                  "Succeeded"
                ]
              },
              "metadata": {
                "operationMetadataId": "30f3a5fc-16df-4763-8c01-64af040b05ec"
              },
              "type": "OpenApiConnection",
              "inputs": {
                "host": {
                  "connectionName": "shared_sharepointonline_1",
                  "operationId": "GetFileContent",
                  "apiId": "/providers/Microsoft.PowerApps/apis/shared_sharepointonline"
                },
                "parameters": {
                  "dataset": "@parameters('ASD Root Site (af_ASDRootSite)')",
                  "id": "@outputs('Update_file_properties_2')?['body/{Identifier}']",
                  "inferContentType": true
                },
                "authentication": "@parameters('$authentication')"
              }
            },
            "Create_file_Word_Template_2": {
              "runAfter": {
                "Get_file_content_from_Updated_Template_2": [
                  "Succeeded"
                ]
              },
              "metadata": {
                "operationMetadataId": "0fdb0776-eb87-4f4f-9be7-dfba8e4719b2"
              },
              "type": "OpenApiConnection",
              "inputs": {
                "host": {
                  "connectionName": "shared_onedriveforbusiness_1",
                  "operationId": "CreateFile",
                  "apiId": "/providers/Microsoft.PowerApps/apis/shared_onedriveforbusiness"
                },
                "parameters": {
                  "folderPath": "ASD/",
                  "name": "@outputs('Update_file_properties_2')?['body/{FilenameWithExtension}']",
                  "body": "@body('Get_file_content_from_Updated_Template_2')"
                },
                "authentication": "@parameters('$authentication')"
              },
              "runtimeConfiguration": {
                "contentTransfer": {
                  "transferMode": "Chunked"
                }
              }
            },
            "Convert_file_2": {
              "runAfter": {
                "Create_file_Word_Template_2": [
                  "Succeeded"
                ]
              },
              "metadata": {
                "operationMetadataId": "48c16660-45d6-4fdc-badf-6725efc33aa3"
              },
              "type": "OpenApiConnection",
              "inputs": {
                "host": {
                  "connectionName": "shared_onedriveforbusiness_1",
                  "operationId": "ConvertFile",
                  "apiId": "/providers/Microsoft.PowerApps/apis/shared_onedriveforbusiness"
                },
                "parameters": {
                  "id": "@outputs('Create_file_Word_Template_2')?['body/Id']",
                  "type": "PDF"
                },
                "authentication": "@parameters('$authentication')"
              }
            },
            "Add_attachment_2": {
              "runAfter": {
                "Convert_file_2": [
                  "Succeeded"
                ]
              },
              "metadata": {
                "operationMetadataId": "44a8a2ca-cc17-4eab-b438-4d7726f2a367"
              },
              "type": "OpenApiConnection",
              "inputs": {
                "host": {
                  "connectionName": "shared_sharepointonline_1",
                  "operationId": "CreateAttachment",
                  "apiId": "/providers/Microsoft.PowerApps/apis/shared_sharepointonline"
                },
                "parameters": {
                  "dataset": "@parameters('ASD Root Site (af_ASDRootSite)')",
                  "table": "@parameters('ASD/ASD Requests (af_ASD_ASDRequests)')",
                  "itemId": "@triggerBody()['number']",
                  "displayName": "SA-@{variables('FileName')}.pdf",
                  "body": "@body('Convert_file_2')"
                },
                "authentication": "@parameters('$authentication')"
              }
            },
            "Delete_file_-_Clean_Up_Doc_in_Template_Library_2": {
              "runAfter": {
                "Add_attachment_2": [
                  "Succeeded"
                ]
              },
              "metadata": {
                "operationMetadataId": "b055c39d-475e-4e96-ab30-905571862d71"
              },
              "type": "OpenApiConnection",
              "inputs": {
                "host": {
                  "connectionName": "shared_sharepointonline_1",
                  "operationId": "DeleteFile",
                  "apiId": "/providers/Microsoft.PowerApps/apis/shared_sharepointonline"
                },
                "parameters": {
                  "dataset": "@parameters('ASD Root Site (af_ASDRootSite)')",
                  "id": "@outputs('Update_file_properties_2')?['body/{Identifier}']"
                },
                "authentication": "@parameters('$authentication')"
              }
            },
            "Delete_file_-_Clean_Up_Doc_in_OneDrive_2": {
              "runAfter": {
                "Delete_file_-_Clean_Up_Doc_in_Template_Library_2": [
                  "Succeeded"
                ]
              },
              "metadata": {
                "operationMetadataId": "68584e2f-adaa-40c0-bf0e-7f5672234f47"
              },
              "type": "OpenApiConnection",
              "inputs": {
                "host": {
                  "connectionName": "shared_onedriveforbusiness_1",
                  "operationId": "DeleteFile",
                  "apiId": "/providers/Microsoft.PowerApps/apis/shared_onedriveforbusiness"
                },
                "parameters": {
                  "id": "@outputs('Create_file_Word_Template_2')?['body/Id']"
                },
                "authentication": "@parameters('$authentication')"
              }
            },
            "Get_Template_File_Content_SA": {
              "runAfter": {},
              "metadata": {
                "%252fTemplateASDDD2875%252fTemplate-DD-2875%2bSAAR%2bfor%2bSharePoint.docx": "/TemplateASDDD2875/Template-DD-2875 SAAR for SharePoint.docx",
                "operationMetadataId": "44d3b6b0-a61e-4bd5-bb6f-dc3b24ed187c",
                "%252fTemplateASDAUP%252fTemplate_AccountRequest_AUP.docx": "/TemplateASDAUP/Template_AccountRequest_AUP.docx",
                "%252fTemplateASDPLAA%252fTemplate_AccountRequest_PLAA.docx": "/TemplateASDPLAA/Template_AccountRequest_PLAA.docx",
                "%252fTemplateApptMemoSystem%252fTemplate_Memo_Domain.docx": "/TemplateApptMemoSystem/Template_Memo_Domain.docx",
                "%252fTemplateApptMemoSystem%252fTemplate_Memo_System.docx": "/TemplateApptMemoSystem/Template_Memo_System.docx"
              },
              "type": "OpenApiConnection",
              "inputs": {
                "host": {
                  "connectionName": "shared_sharepointonline_1",
                  "operationId": "GetFileContent",
                  "apiId": "/providers/Microsoft.PowerApps/apis/shared_sharepointonline"
                },
                "parameters": {
                  "dataset": "@parameters('ASD Root Site (af_ASDRootSite)')",
                  "id": "%252fTemplateApptMemoSystem%252fTemplate_Memo_System.docx",
                  "inferContentType": true
                },
                "authentication": "@parameters('$authentication')"
              }
            },
            "Update_file_properties_2": {
              "runAfter": {
                "Create_file_from_Template_2": [
                  "Succeeded"
                ]
              },
              "metadata": {
                "operationMetadataId": "550a31c7-d1bb-465d-92b7-ff97e01e5dc9"
              },
              "type": "OpenApiConnection",
              "inputs": {
                "host": {
                  "connectionName": "shared_sharepointonline_1",
                  "operationId": "PatchFileItem",
                  "apiId": "/providers/Microsoft.PowerApps/apis/shared_sharepointonline"
                },
                "parameters": {
                  "dataset": "@parameters('ASD Root Site (af_ASDRootSite)')",
                  "table": "@parameters('ASD/Orders Template Library (af_ASD_OrdersTemplateLibrary)')",
                  "id": "@outputs('Create_file_from_Template_2')?['body/ItemId']",
                  "item/Title": "@{outputs('Get_item')?['body/LastName']} @{outputs('Get_item')?['body/NameSuffix/Value']}, @{outputs('Get_item')?['body/FirstName']} @{outputs('Get_item')?['body/MiddleInitial']} ",
                  "item/D_x002d_Date": "@utcNow()",
                  "item/TXT_x002d_Job_x002d_Title": "@outputs('Get_item')?['body/JobTitle']",
                  "item/CB_x002d_Position_x002d_IT_x002d_1": "@if(equals(outputs('Get_item')?['body/SMITLevelDesignation/Value'], 'Level I'), true, false)",
                  "item/CB_x002d_Position_x002d_IT_x002d_2": "@if(equals(outputs('Get_item')?['body/SMITLevelDesignation/Value'], 'Level II'), true, false)",
                  "item/CB_x002d_IAT_x002d_Level_x002d_1": "@if(equals(outputs('Get_item')?['body/SMITLevelDesignation/Value'], 'Level I'), true, false)",
                  "item/CB_x002d_IAT_x002d_Level_x002d_2": "@if(equals(outputs('Get_item')?['body/SMITLevelDesignation/Value'], 'Level II'), true, false)",
                  "item/TXT_x002d_Security_x002d_Clearance": "@outputs('Get_item')?['body/SMClearanceLevel/Value']",
                  "item/TXT_x002d_Work_x002d_Location": "@outputs('Get_item')?['body/WorkLocation']",
                  "item/TXT_x002d_Telephone": "@outputs('Get_item')?['body/PhoneNumber']",
                  "item/TXT_x002d_Email": "@outputs('Get_item')?['body/NIPREmail']",
                  "item/TXT_x002d_Directorate": "@outputs('Get_item')?['body/IAOrganization']",
                  "item/TXT_x002d_AENAdmin_x002d_Signature": "Digitally Signed by: @{outputs('Get_item')?['body/ASDFinalReviewer']} (@{outputs('Get_item')?['body/ASDFinalReviewerEmail']}) on @{outputs('Get_item')?['body/ASDSignatureDate']}",
                  "item/TXT_x002d_ISSM_x002d_Signature": "Digitally Signed by:  @{outputs('Get_item')?['body/LastName']}, @{outputs('Get_item')?['body/FirstName']} @{outputs('Get_item')?['body/MiddleInitial']} (@{outputs('Get_item')?['body/NIPREmail']}) on @{outputs('Get_item')?['body/UserSignatureDate']}"
                },
                "authentication": "@parameters('$authentication')"
              }
            }
          },
          "runAfter": {
            "Append_All_PrivAccounts_to_String": [
              "Succeeded"
            ]
          },
          "expression": {
            "contains": [
              "@variables('PrivAccounts')",
              "SA"
            ]
          },
          "metadata": {
            "operationMetadataId": "912cd5d0-fcda-4409-84f9-d128d768089f"
          },
          "type": "If"
        },
        "Condition_3": {
          "actions": {
            "Create_file_from_Template_3": {
              "runAfter": {
                "Get_Template_File_Content_WA": [
                  "Succeeded"
                ]
              },
              "metadata": {
                "operationMetadataId": "568357bb-6dc7-4b68-ac3a-add63f4ff23f"
              },
              "type": "OpenApiConnection",
              "inputs": {
                "host": {
                  "connectionName": "shared_sharepointonline_1",
                  "operationId": "CreateFile",
                  "apiId": "/providers/Microsoft.PowerApps/apis/shared_sharepointonline"
                },
                "parameters": {
                  "dataset": "@parameters('ASD Root Site (af_ASDRootSite)')",
                  "folderPath": "/TemplateApptMemoSystem",
                  "name": "WA-@{variables('FileName')}.docx",
                  "body": "@body('Get_Template_File_Content_WA')"
                },
                "authentication": "@parameters('$authentication')"
              },
              "runtimeConfiguration": {
                "contentTransfer": {
                  "transferMode": "Chunked"
                }
              }
            },
            "Get_file_content_from_Updated_Template_3": {
              "runAfter": {
                "Update_file_properties_3": [
                  "Succeeded"
                ]
              },
              "metadata": {
                "operationMetadataId": "30f3a5fc-16df-4763-8c01-64af040b05ec"
              },
              "type": "OpenApiConnection",
              "inputs": {
                "host": {
                  "connectionName": "shared_sharepointonline_1",
                  "operationId": "GetFileContent",
                  "apiId": "/providers/Microsoft.PowerApps/apis/shared_sharepointonline"
                },
                "parameters": {
                  "dataset": "@parameters('ASD Root Site (af_ASDRootSite)')",
                  "id": "@outputs('Update_file_properties_3')?['body/{Identifier}']",
                  "inferContentType": true
                },
                "authentication": "@parameters('$authentication')"
              }
            },
            "Create_file_Word_Template_3": {
              "runAfter": {
                "Get_file_content_from_Updated_Template_3": [
                  "Succeeded"
                ]
              },
              "metadata": {
                "operationMetadataId": "0fdb0776-eb87-4f4f-9be7-dfba8e4719b2"
              },
              "type": "OpenApiConnection",
              "inputs": {
                "host": {
                  "connectionName": "shared_onedriveforbusiness_1",
                  "operationId": "CreateFile",
                  "apiId": "/providers/Microsoft.PowerApps/apis/shared_onedriveforbusiness"
                },
                "parameters": {
                  "folderPath": "ASD/",
                  "name": "@outputs('Update_file_properties_3')?['body/{FilenameWithExtension}']",
                  "body": "@body('Get_file_content_from_Updated_Template_3')"
                },
                "authentication": "@parameters('$authentication')"
              },
              "runtimeConfiguration": {
                "contentTransfer": {
                  "transferMode": "Chunked"
                }
              }
            },
            "Convert_file_3": {
              "runAfter": {
                "Create_file_Word_Template_3": [
                  "Succeeded"
                ]
              },
              "metadata": {
                "operationMetadataId": "48c16660-45d6-4fdc-badf-6725efc33aa3"
              },
              "type": "OpenApiConnection",
              "inputs": {
                "host": {
                  "connectionName": "shared_onedriveforbusiness_1",
                  "operationId": "ConvertFile",
                  "apiId": "/providers/Microsoft.PowerApps/apis/shared_onedriveforbusiness"
                },
                "parameters": {
                  "id": "@outputs('Create_file_Word_Template_3')?['body/Id']",
                  "type": "PDF"
                },
                "authentication": "@parameters('$authentication')"
              }
            },
            "Add_attachment_3": {
              "runAfter": {
                "Convert_file_3": [
                  "Succeeded"
                ]
              },
              "metadata": {
                "operationMetadataId": "44a8a2ca-cc17-4eab-b438-4d7726f2a367"
              },
              "type": "OpenApiConnection",
              "inputs": {
                "host": {
                  "connectionName": "shared_sharepointonline_1",
                  "operationId": "CreateAttachment",
                  "apiId": "/providers/Microsoft.PowerApps/apis/shared_sharepointonline"
                },
                "parameters": {
                  "dataset": "@parameters('ASD Root Site (af_ASDRootSite)')",
                  "table": "@parameters('ASD/ASD Requests (af_ASD_ASDRequests)')",
                  "itemId": "@triggerBody()['number']",
                  "displayName": "WA-@{variables('FileName')}.pdf",
                  "body": "@body('Convert_file_3')"
                },
                "authentication": "@parameters('$authentication')"
              }
            },
            "Delete_file_-_Clean_Up_Doc_in_Template_Library_3": {
              "runAfter": {
                "Add_attachment_3": [
                  "Succeeded"
                ]
              },
              "metadata": {
                "operationMetadataId": "b055c39d-475e-4e96-ab30-905571862d71"
              },
              "type": "OpenApiConnection",
              "inputs": {
                "host": {
                  "connectionName": "shared_sharepointonline_1",
                  "operationId": "DeleteFile",
                  "apiId": "/providers/Microsoft.PowerApps/apis/shared_sharepointonline"
                },
                "parameters": {
                  "dataset": "@parameters('ASD Root Site (af_ASDRootSite)')",
                  "id": "@outputs('Update_file_properties_3')?['body/{Identifier}']"
                },
                "authentication": "@parameters('$authentication')"
              }
            },
            "Delete_file_-_Clean_Up_Doc_in_OneDrive_3": {
              "runAfter": {
                "Delete_file_-_Clean_Up_Doc_in_Template_Library_3": [
                  "Succeeded"
                ]
              },
              "metadata": {
                "operationMetadataId": "68584e2f-adaa-40c0-bf0e-7f5672234f47"
              },
              "type": "OpenApiConnection",
              "inputs": {
                "host": {
                  "connectionName": "shared_onedriveforbusiness_1",
                  "operationId": "DeleteFile",
                  "apiId": "/providers/Microsoft.PowerApps/apis/shared_onedriveforbusiness"
                },
                "parameters": {
                  "id": "@outputs('Create_file_Word_Template_3')?['body/Id']"
                },
                "authentication": "@parameters('$authentication')"
              }
            },
            "Get_Template_File_Content_WA": {
              "runAfter": {},
              "metadata": {
                "%252fTemplateASDDD2875%252fTemplate-DD-2875%2bSAAR%2bfor%2bSharePoint.docx": "/TemplateASDDD2875/Template-DD-2875 SAAR for SharePoint.docx",
                "operationMetadataId": "44d3b6b0-a61e-4bd5-bb6f-dc3b24ed187c",
                "%252fTemplateASDAUP%252fTemplate_AccountRequest_AUP.docx": "/TemplateASDAUP/Template_AccountRequest_AUP.docx",
                "%252fTemplateASDPLAA%252fTemplate_AccountRequest_PLAA.docx": "/TemplateASDPLAA/Template_AccountRequest_PLAA.docx",
                "%252fTemplateApptMemoSystem%252fTemplate_Memo_Domain.docx": "/TemplateApptMemoSystem/Template_Memo_Domain.docx",
                "%252fTemplateApptMemoSystem%252fTemplate_Memo_System.docx": "/TemplateApptMemoSystem/Template_Memo_System.docx",
                "%252fTemplateApptMemoSystem%252fTemplate_Memo_Network.docx": "/TemplateApptMemoSystem/Template_Memo_Network.docx"
              },
              "type": "OpenApiConnection",
              "inputs": {
                "host": {
                  "connectionName": "shared_sharepointonline_1",
                  "operationId": "GetFileContent",
                  "apiId": "/providers/Microsoft.PowerApps/apis/shared_sharepointonline"
                },
                "parameters": {
                  "dataset": "@parameters('ASD Root Site (af_ASDRootSite)')",
                  "id": "%252fTemplateApptMemoSystem%252fTemplate_Memo_Network.docx",
                  "inferContentType": true
                },
                "authentication": "@parameters('$authentication')"
              }
            },
            "Update_file_properties_3": {
              "runAfter": {
                "Create_file_from_Template_3": [
                  "Succeeded"
                ]
              },
              "metadata": {
                "operationMetadataId": "5155beac-6a5f-4e67-ae0b-a4f67e980656"
              },
              "type": "OpenApiConnection",
              "inputs": {
                "host": {
                  "connectionName": "shared_sharepointonline_1",
                  "operationId": "PatchFileItem",
                  "apiId": "/providers/Microsoft.PowerApps/apis/shared_sharepointonline"
                },
                "parameters": {
                  "dataset": "@parameters('ASD Root Site (af_ASDRootSite)')",
                  "table": "@parameters('ASD/Orders Template Library (af_ASD_OrdersTemplateLibrary)')",
                  "id": "@outputs('Create_file_from_Template_3')?['body/ItemId']",
                  "item/Title": "@{outputs('Get_item')?['body/LastName']} @{outputs('Get_item')?['body/NameSuffix/Value']}, @{outputs('Get_item')?['body/FirstName']} @{outputs('Get_item')?['body/MiddleInitial']} ",
                  "item/D_x002d_Date": "@utcNow()",
                  "item/TXT_x002d_Job_x002d_Title": "@outputs('Get_item')?['body/JobTitle']",
                  "item/CB_x002d_Position_x002d_IT_x002d_1": "@if(equals(outputs('Get_item')?['body/SMITLevelDesignation/Value'], 'Level I'), true, false)",
                  "item/CB_x002d_Position_x002d_IT_x002d_2": "@if(equals(outputs('Get_item')?['body/SMITLevelDesignation/Value'], 'Level II'), true, false)",
                  "item/CB_x002d_IAT_x002d_Level_x002d_1": "@if(equals(outputs('Get_item')?['body/SMITLevelDesignation/Value'], 'Level I'), true, false)",
                  "item/CB_x002d_IAT_x002d_Level_x002d_2": "@if(equals(outputs('Get_item')?['body/SMITLevelDesignation/Value'], 'Level II'), true, false)",
                  "item/TXT_x002d_Security_x002d_Clearance": "@outputs('Get_item')?['body/SMClearanceLevel/Value']",
                  "item/TXT_x002d_Work_x002d_Location": "@outputs('Get_item')?['body/WorkLocation']",
                  "item/TXT_x002d_Telephone": "@outputs('Get_item')?['body/PhoneNumber']",
                  "item/TXT_x002d_Email": "@outputs('Get_item')?['body/NIPREmail']",
                  "item/TXT_x002d_Directorate": "@outputs('Get_item')?['body/IAOrganization']",
                  "item/TXT_x002d_AENAdmin_x002d_Signature": "Digitally Signed by: @{outputs('Get_item')?['body/ASDFinalReviewer']} (@{outputs('Get_item')?['body/ASDFinalReviewerEmail']}) on @{outputs('Get_item')?['body/ASDSignatureDate']}",
                  "item/TXT_x002d_ISSM_x002d_Signature": "Digitally Signed by:  @{outputs('Get_item')?['body/LastName']}, @{outputs('Get_item')?['body/FirstName']} @{outputs('Get_item')?['body/MiddleInitial']} (@{outputs('Get_item')?['body/NIPREmail']}) on @{outputs('Get_item')?['body/UserSignatureDate']}"
                },
                "authentication": "@parameters('$authentication')"
              }
            }
          },
          "runAfter": {
            "Append_All_PrivAccounts_to_String": [
              "Succeeded"
            ]
          },
          "expression": {
            "contains": [
              "@variables('PrivAccounts')",
              "WA"
            ]
          },
          "metadata": {
            "operationMetadataId": "912cd5d0-fcda-4409-84f9-d128d768089f"
          },
          "type": "If"
        },
        "Respond_to_a_PowerApp_or_flow_2": {
          "runAfter": {
            "Condition_2": [
              "Succeeded"
            ],
            "Condition_3": [
              "Succeeded"
            ],
            "Condition": [
              "Succeeded"
            ]
          },
          "metadata": {
            "operationMetadataId": "24291b05-0687-494e-9036-66be00b6c9ce"
          },
          "type": "Response",
          "kind": "PowerApp",
          "inputs": {
            "statusCode": 200,
            "body": {
              "success": "true"
            },
            "schema": {
              "type": "object",
              "properties": {
                "success": {
                  "title": "Success",
                  "x-ms-dynamically-added": true,
                  "type": "string"
                }
              }
            }
          }
        }
      }
    },
    "templateName": null
  },
  "schemaVersion": "1.0.0.0"
}