<environmentvariabledefinition schemaname="af_ASD_2875TemplateLibrary">
  <apiid>/providers/microsoft.powerapps/apis/shared_sharepointonline</apiid>
  <displayname default="ASD/2875 Template Library">
    <label description="ASD/2875 Template Library" languagecode="1033" />
  </displayname>
  <introducedversion>1.0.0.14</introducedversion>
  <iscustomizable>1</iscustomizable>
  <isrequired>0</isrequired>
  <parameterkey>table</parameterkey>
  <parentdefinitionid>
    <schemaname>af_ASDRootSite</schemaname>
  </parentdefinitionid>
  <secretstore>0</secretstore>
  <type>100000004</type>
</environmentvariabledefinition>