<manifest><control namespace="USAFRICOM" constructor="ActionButton" version="0.0.10" display-name-key="ActionButton_Display_Key" description-key="ActionButton_Desc_Key" control-type="standard" preview-image="imgs/logo.png" api-version="1.2.3"><property name="BoundAttribute" display-name-key="BoundAttribute_Display_Key" description-key="BoundAttribute_Desc_Key" of-type-group="ValidTypes" usage="bound" required="true" /><property name="ActionText" display-name-key="ActionText_Display_Key" description-key="ActionText_Desc_Key" of-type="SingleLine.Text" default-value="" usage="input" required="false" /><property name="EnableButtonOnDisabledForm" display-name-key="EnableButtonOnDisabledForm_Display_Key" description-key="EnableButtonOnDisabledForm_Desc_Key" of-type="Enum" default-value="1" usage="input" required="true"><value name="Yes" display-name-key="yes_Display_Key" description-key="yes_Desc_Key">1</value><value name="No" display-name-key="no_Display_Key" description-key="no_Desc_Key">0</value></property><type-group name="ValidTypes"><type>DateAndTime.DateAndTime</type><type>DateAndTime.DateOnly</type><type>SingleLine.Text</type></type-group><resources><code path="bundle.js" order="1" /><resx path="strings/ActionButton.1033.resx" version="1.0.0" /><resx path="strings/ActionButton.1036.resx" version="1.0.0" /></resources><built-by name="pac" version="1.3.6" /></control></manifest>