{
  "properties": {
    "connectionReferences": {
      "shared_commondataserviceforapps_1": {
        "runtimeSource": "embedded",
        "connection": {
          "connectionReferenceLogicalName": "cits_CITSPM_DataverseRef"
        },
        "api": {
          "name": "shared_commondataserviceforapps"
        }
      },
      "shared_office365_1": {
        "runtimeSource": "embedded",
        "connection": {
          "connectionReferenceLogicalName": "cits_CITSPM_Office365OutlookRef"
        },
        "api": {
          "name": "shared_office365"
        }
      }
    },
    "definition": {
      "$schema": "https://schema.management.azure.com/providers/Microsoft.Logic/schemas/2016-06-01/workflowdefinition.json#",
      "contentVersion": "1.0.0.0",
      "parameters": {
        "$connections": {
          "defaultValue": {},
          "type": "Object"
        },
        "$authentication": {
          "defaultValue": {},
          "type": "SecureObject"
        },
        "CITSPM/Approvers (cits_CITSPM_Approvers)": {
          "defaultValue": {
            "SiteLead_Email": "iyurisevic@j654dev.onmicrosoft.com",
            "TPOC_Email": "",
            "COR_Email": ""
          },
          "type": "Object",
          "metadata": {
            "schemaName": "cits_CITSPM_Approvers",
            "description": "Define the emails of the Site Lead, TPOC and COR for approvals"
          }
        },
        "CITSPM/Environment Org URL (cits_CITSPM_EnvironmentOrgUrl)": {
          "defaultValue": "https://j654dev.crm.dynamics.com/",
          "type": "String",
          "metadata": {
            "schemaName": "cits_CITSPM_EnvironmentOrgUrl",
            "description": "The environment organization URL for opening links. Add a trailing slash \"/\""
          }
        },
        "CITSPM/App ID (cits_CITSPM_AppID)": {
          "defaultValue": "f25b814a-6daa-ed11-aad0-000d3a1b9f3a",
          "type": "String",
          "metadata": {
            "schemaName": "cits_CITSPM_AppID",
            "description": "The application ID of the model-driven app"
          }
        },
        "CITSPM/Flow Emailer (cits_CITSPM_FlowEmailer)": {
          "defaultValue": "iyurisevic@j654dev.onmicrosoft.com",
          "type": "String",
          "metadata": {
            "schemaName": "cits_CITSPM_FlowEmailer",
            "description": "Email distro list"
          }
        }
      },
      "triggers": {
        "When_a_row_is_added,_modified_or_deleted": {
          "metadata": {
            "operationMetadataId": "7905e8da-df55-442f-871d-09cbf268f8fd"
          },
          "type": "OpenApiConnectionWebhook",
          "inputs": {
            "host": {
              "connectionName": "shared_commondataserviceforapps_1",
              "operationId": "SubscribeWebhookTrigger",
              "apiId": "/providers/Microsoft.PowerApps/apis/shared_commondataserviceforapps"
            },
            "parameters": {
              "subscriptionRequest/message": 3,
              "subscriptionRequest/entityname": "cits_citsrequest",
              "subscriptionRequest/scope": 4,
              "subscriptionRequest/filterexpression": "statuscode eq 988370001",
              "subscriptionRequest/runas": 1
            },
            "authentication": "@parameters('$authentication')"
          }
        }
      },
      "actions": {
        "Update_a_row": {
          "runAfter": {},
          "metadata": {
            "operationMetadataId": "9f1434e5-2060-45d6-870c-3ece1d7ef8d0"
          },
          "type": "OpenApiConnection",
          "inputs": {
            "host": {
              "connectionName": "shared_commondataserviceforapps_1",
              "operationId": "UpdateRecord",
              "apiId": "/providers/Microsoft.PowerApps/apis/shared_commondataserviceforapps"
            },
            "parameters": {
              "entityName": "cits_citsrequests",
              "recordId": "@triggerOutputs()?['body/cits_citsrequestid']",
              "item/cits_corapproved": 988370002,
              "item/cits_siteleadapproved": 988370002,
              "item/statuscode": 988370002,
              "item/cits_tpocapproved": 988370002
            },
            "authentication": "@parameters('$authentication')"
          }
        },
        "Parse_JSON": {
          "runAfter": {
            "Initialize_variable": [
              "Succeeded"
            ]
          },
          "metadata": {
            "operationMetadataId": "f5294c59-fcc9-4bdc-9f36-a43f103b9f97"
          },
          "type": "ParseJson",
          "inputs": {
            "content": "@parameters('CITSPM/Approvers (cits_CITSPM_Approvers)')",
            "schema": {
              "type": "object",
              "properties": {
                "SiteLead_Email": {
                  "type": "string"
                },
                "TPOC_Email": {
                  "type": "string"
                },
                "COR_Email": {
                  "type": "string"
                }
              }
            }
          }
        },
        "Initialize_variable": {
          "runAfter": {
            "Update_a_row": [
              "Succeeded"
            ]
          },
          "metadata": {
            "operationMetadataId": "82858f12-cf0b-413d-b73a-9784224228d7"
          },
          "type": "InitializeVariable",
          "inputs": {
            "variables": [
              {
                "name": "Email_Link",
                "type": "string",
                "value": "<a href=\"@{parameters('CITSPM/Environment Org URL (cits_CITSPM_EnvironmentOrgUrl)')}main.aspx?appid=@{parameters('CITSPM/App ID (cits_CITSPM_AppID)')}&pagetype=entityrecord&etn=cits_citsrequest&id=@{triggerOutputs()?['body/cits_citsrequestid']}\">VIEW REQUEST</a>"
              }
            ]
          }
        },
        "Switch": {
          "runAfter": {
            "Parse_JSON": [
              "Succeeded"
            ]
          },
          "cases": {
            "TDY": {
              "case": 988370000,
              "actions": {
                "Send_an_email_(V2)": {
                  "runAfter": {},
                  "metadata": {
                    "operationMetadataId": "8b44170f-a575-40c5-81ab-7186d1813c5f"
                  },
                  "type": "OpenApiConnection",
                  "inputs": {
                    "host": {
                      "connectionName": "shared_office365_1",
                      "operationId": "SendEmailV2",
                      "apiId": "/providers/Microsoft.PowerApps/apis/shared_office365"
                    },
                    "parameters": {
                      "emailMessage/To": "@body('Parse_JSON')?['SiteLead_Email']",
                      "emailMessage/Subject": "New CITS Request - TDY - @{outputs('Update_a_row')?['body/cits_supportingaor@OData.Community.Display.V1.FormattedValue']}",
                      "emailMessage/Body": "<p><strong>FOR ACTION<br>\n<br>\n</strong>A new TDY<strong> </strong>request has been submitted for Site Lead review. &nbsp;Please log in and review the request at your earliest convenience.<br>\n<br>\n<strong><br>\nRequest ID: </strong><strong>@{outputs('Update_a_row')?['body/cits_name']}</strong><strong><br>\nTDY Dates: </strong><strong>@{triggerOutputs()?['body/cits_tdystart']}</strong><strong>-</strong><strong>@{triggerOutputs()?['body/cits_tdyend']}</strong><strong><br>\nTDY Location: </strong><strong>@{triggerOutputs()?['body/cits_tdylocation']}</strong><strong><br>\nPurpose: </strong><strong>@{triggerOutputs()?['body/cits_tdyjustification']}</strong><strong><br>\nSubmitted by: </strong><strong>@{outputs('Update_a_row')?['body/_ownerid_value@OData.Community.Display.V1.FormattedValue']}</strong><strong></strong><br>\n<br>\n@{variables('Email_Link')}<strong><br>\n<br>\n</strong></p>",
                      "emailMessage/From": "@parameters('CITSPM/Flow Emailer (cits_CITSPM_FlowEmailer)')",
                      "emailMessage/ReplyTo": "donotreply@mail.mil",
                      "emailMessage/Importance": "High"
                    },
                    "authentication": "@parameters('$authentication')"
                  }
                }
              }
            },
            "OT": {
              "case": 988370001,
              "actions": {
                "Send_an_email_(V2)_2": {
                  "runAfter": {},
                  "type": "OpenApiConnection",
                  "inputs": {
                    "host": {
                      "connectionName": "shared_office365_1",
                      "operationId": "SendEmailV2",
                      "apiId": "/providers/Microsoft.PowerApps/apis/shared_office365"
                    },
                    "parameters": {
                      "emailMessage/To": "@body('Parse_JSON')?['SiteLead_Email']",
                      "emailMessage/Subject": "New CITS Request - OT - @{outputs('Update_a_row')?['body/cits_supportingaor@OData.Community.Display.V1.FormattedValue']}",
                      "emailMessage/Body": "<p><strong>FOR ACTION</strong><br>\n<br>\nA new TDY request has been submitted for Site Lead review. &nbsp;Please log in and review the request at your earliest convenience.<br>\n<br>\n<br>\n<strong>Request ID:</strong> @{outputs('Update_a_row')?['body/cits_name']}<br>\n<strong>Purpose:</strong> @{triggerOutputs()?['body/cits_otjustification']}<br>\n<strong>Submitted by: </strong><strong>@{outputs('Update_a_row')?['body/_ownerid_value@OData.Community.Display.V1.FormattedValue']}</strong><strong></strong><br>\n<br>\n@{variables('Email_Link')}<br>\n</p>",
                      "emailMessage/From": "@parameters('CITSPM/Flow Emailer (cits_CITSPM_FlowEmailer)')",
                      "emailMessage/ReplyTo": "donotreply@mail.mil",
                      "emailMessage/Importance": "High"
                    },
                    "authentication": "@parameters('$authentication')"
                  }
                }
              }
            },
            "WFH": {
              "case": 988370002,
              "actions": {
                "Send_an_email_(V2)_3": {
                  "runAfter": {},
                  "type": "OpenApiConnection",
                  "inputs": {
                    "host": {
                      "connectionName": "shared_office365_1",
                      "operationId": "SendEmailV2",
                      "apiId": "/providers/Microsoft.PowerApps/apis/shared_office365"
                    },
                    "parameters": {
                      "emailMessage/To": "@body('Parse_JSON')?['SiteLead_Email']",
                      "emailMessage/Subject": "New CITS Request - WFH -  @{outputs('Update_a_row')?['body/cits_supportingaor@OData.Community.Display.V1.FormattedValue']}",
                      "emailMessage/Body": "<p><strong>FOR ACTION</strong><br>\n<br>\nA new WFH request has been submitted for Site Lead review. &nbsp;Please log in and review the request at your earliest convenience.<br>\n<br>\n<br>\n<strong>Request ID: </strong>@{outputs('Update_a_row')?['body/cits_name']}<br>\n<strong>Purpose:</strong> @{triggerOutputs()?['body/cits_wfhjustification']}<br>\n<strong>Submitted by:</strong> @{outputs('Update_a_row')?['body/_ownerid_value@OData.Community.Display.V1.FormattedValue']}<br>\n<br>\n@{variables('Email_Link')}<br>\n</p>",
                      "emailMessage/From": "@parameters('CITSPM/Flow Emailer (cits_CITSPM_FlowEmailer)')",
                      "emailMessage/ReplyTo": "donotreply@mail.mil",
                      "emailMessage/Importance": "High"
                    },
                    "authentication": "@parameters('$authentication')"
                  }
                }
              }
            }
          },
          "default": {
            "actions": {
              "Send_an_email_(V2)_4": {
                "runAfter": {},
                "type": "OpenApiConnection",
                "inputs": {
                  "host": {
                    "connectionName": "shared_office365_1",
                    "operationId": "SendEmailV2",
                    "apiId": "/providers/Microsoft.PowerApps/apis/shared_office365"
                  },
                  "parameters": {
                    "emailMessage/To": "@body('Parse_JSON')?['SiteLead_Email']",
                    "emailMessage/Subject": "New CITS Request - Other -  @{outputs('Update_a_row')?['body/cits_supportingaor@OData.Community.Display.V1.FormattedValue']}",
                    "emailMessage/Body": "<p><strong>FOR ACTION</strong><br>\n<br>\nA new WFH request has been submitted for Site Lead review. &nbsp;Please log in and review the request at your earliest convenience.<br>\n<br>\n<br>\n<strong>Request ID: </strong>@{outputs('Update_a_row')?['body/cits_name']}<br>\n<strong>Purpose:</strong> @{triggerOutputs()?['body/cits_otherjustification']}<br>\n<strong>Submitted by:</strong> @{outputs('Update_a_row')?['body/_ownerid_value@OData.Community.Display.V1.FormattedValue']}<br>\n<br>\n@{variables('Email_Link')}<br>\n</p>",
                    "emailMessage/From": "@parameters('CITSPM/Flow Emailer (cits_CITSPM_FlowEmailer)')",
                    "emailMessage/ReplyTo": "donotreply@mail.mil",
                    "emailMessage/Importance": "High"
                  },
                  "authentication": "@parameters('$authentication')"
                }
              }
            }
          },
          "expression": "@triggerOutputs()?['body/cits_type']",
          "metadata": {
            "operationMetadataId": "1354c0fa-9d9d-46a5-a520-a30d48478117"
          },
          "type": "Switch"
        }
      }
    },
    "templateName": ""
  },
  "schemaVersion": "1.0.0.0"
}