<ImportExportXml version="9.2.23043.234" SolutionPackageVersion="9.2" languagecode="1033" generatedBy="CrmLive" xmlns:xsi="http://www.w3.org/2001/XMLSchema-instance">
  <SolutionManifest>
    <UniqueName>CITS_PersonnelManagement</UniqueName>
    <LocalizedNames>
      <LocalizedName description="PMO Personnel Management" languagecode="1033" />
    </LocalizedNames>
    <Descriptions>
      <Description description="Personnel Management and Program Requests application" languagecode="1033" />
    </Descriptions>
    <Version>1.0.0.26</Version>
    <Managed>1</Managed>
    <Publisher>
      <UniqueName>CITS</UniqueName>
      <LocalizedNames>
        <LocalizedName description="CITS" languagecode="1033" />
      </LocalizedNames>
      <Descriptions>
        <Description description="CITS Program app publisher. &#xA;Origin: Ivan's dev tenant" languagecode="1033" />
      </Descriptions>
      <EMailAddress>ivan.f.yurisevic.ctr@mail.mil</EMailAddress>
      <SupportingWebsiteUrl xsi:nil="true"></SupportingWebsiteUrl>
      <CustomizationPrefix>cits</CustomizationPrefix>
      <CustomizationOptionValuePrefix>98837</CustomizationOptionValuePrefix>
      <Addresses>
        <Address>
          <AddressNumber>1</AddressNumber>
          <AddressTypeCode>1</AddressTypeCode>
          <City xsi:nil="true"></City>
          <County xsi:nil="true"></County>
          <Country xsi:nil="true"></Country>
          <Fax xsi:nil="true"></Fax>
          <FreightTermsCode xsi:nil="true"></FreightTermsCode>
          <ImportSequenceNumber xsi:nil="true"></ImportSequenceNumber>
          <Latitude xsi:nil="true"></Latitude>
          <Line1 xsi:nil="true"></Line1>
          <Line2 xsi:nil="true"></Line2>
          <Line3 xsi:nil="true"></Line3>
          <Longitude xsi:nil="true"></Longitude>
          <Name xsi:nil="true"></Name>
          <PostalCode xsi:nil="true"></PostalCode>
          <PostOfficeBox xsi:nil="true"></PostOfficeBox>
          <PrimaryContactName xsi:nil="true"></PrimaryContactName>
          <ShippingMethodCode>1</ShippingMethodCode>
          <StateOrProvince xsi:nil="true"></StateOrProvince>
          <Telephone1 xsi:nil="true"></Telephone1>
          <Telephone2 xsi:nil="true"></Telephone2>
          <Telephone3 xsi:nil="true"></Telephone3>
          <TimeZoneRuleVersionNumber xsi:nil="true"></TimeZoneRuleVersionNumber>
          <UPSZone xsi:nil="true"></UPSZone>
          <UTCOffset xsi:nil="true"></UTCOffset>
          <UTCConversionTimeZoneCode xsi:nil="true"></UTCConversionTimeZoneCode>
        </Address>
        <Address>
          <AddressNumber>2</AddressNumber>
          <AddressTypeCode>1</AddressTypeCode>
          <City xsi:nil="true"></City>
          <County xsi:nil="true"></County>
          <Country xsi:nil="true"></Country>
          <Fax xsi:nil="true"></Fax>
          <FreightTermsCode xsi:nil="true"></FreightTermsCode>
          <ImportSequenceNumber xsi:nil="true"></ImportSequenceNumber>
          <Latitude xsi:nil="true"></Latitude>
          <Line1 xsi:nil="true"></Line1>
          <Line2 xsi:nil="true"></Line2>
          <Line3 xsi:nil="true"></Line3>
          <Longitude xsi:nil="true"></Longitude>
          <Name xsi:nil="true"></Name>
          <PostalCode xsi:nil="true"></PostalCode>
          <PostOfficeBox xsi:nil="true"></PostOfficeBox>
          <PrimaryContactName xsi:nil="true"></PrimaryContactName>
          <ShippingMethodCode>1</ShippingMethodCode>
          <StateOrProvince xsi:nil="true"></StateOrProvince>
          <Telephone1 xsi:nil="true"></Telephone1>
          <Telephone2 xsi:nil="true"></Telephone2>
          <Telephone3 xsi:nil="true"></Telephone3>
          <TimeZoneRuleVersionNumber xsi:nil="true"></TimeZoneRuleVersionNumber>
          <UPSZone xsi:nil="true"></UPSZone>
          <UTCOffset xsi:nil="true"></UTCOffset>
          <UTCConversionTimeZoneCode xsi:nil="true"></UTCConversionTimeZoneCode>
        </Address>
      </Addresses>
    </Publisher>
    <RootComponents>
      <RootComponent type="1" schemaName="cits_citsrequest" behavior="0" />
      <RootComponent type="1" schemaName="cits_citsresourceverification" behavior="0" />
      <RootComponent type="1" schemaName="cits_formdd250" behavior="0" />
      <RootComponent type="1" schemaName="cits_formdd250item" behavior="0" />
      <RootComponent type="1" schemaName="cits_holacolarates" behavior="0" />
      <RootComponent type="1" schemaName="cits_leavecalendar" behavior="0" />
      <RootComponent type="1" schemaName="cits_otrequest" behavior="0" />
      <RootComponent type="1" schemaName="cits_positionassignment" behavior="0" />
      <RootComponent type="1" schemaName="cits_positioncandidate" behavior="0" />
      <RootComponent type="1" schemaName="cits_positioncatalog" behavior="0" />
      <RootComponent type="1" schemaName="cits_resourceroster" behavior="0" />
      <RootComponent type="1" schemaName="cits_tdytravelexpenses" behavior="0" />
      <RootComponent type="9" schemaName="cits_citsaor" behavior="0" />
      <RootComponent type="9" schemaName="cits_citscompanies" behavior="0" />
      <RootComponent type="9" schemaName="cits_citsexpensetypes" behavior="0" />
      <RootComponent type="9" schemaName="cits_citslabortravelchargestrings" behavior="0" />
      <RootComponent type="9" schemaName="cits_citsteams" behavior="0" />
      <RootComponent type="9" schemaName="cits_citsteamsubtype" behavior="0" />
      <RootComponent type="9" schemaName="cits_colapostcodes" behavior="0" />
      <RootComponent type="9" schemaName="cits_hours24h" behavior="0" />
      <RootComponent type="20" id="{4ce5aa7c-39bf-ed11-83ff-000d3a1b9f3a}" behavior="0" />
      <RootComponent type="20" id="{ae0dfb66-34e0-ed11-a7c7-000d3a1b9f3a}" behavior="0" />
      <RootComponent type="29" id="{01c0000e-bfbc-ed11-83ff-000d3a1b9f3a}" behavior="0" />
      <RootComponent type="29" id="{21c208ba-9dcf-ed11-b597-000d3a1b9f3a}" behavior="0" />
      <RootComponent type="29" id="{33fe0081-b4ce-ed11-b597-000d3a1b9f3a}" behavior="0" />
      <RootComponent type="29" id="{3ebc96af-a1cf-ed11-b597-000d3a1b9f3a}" behavior="0" />
      <RootComponent type="29" id="{4980a235-c4bc-ed11-83ff-000d3a1b9f3a}" behavior="0" />
      <RootComponent type="29" id="{607fe6a5-c4bc-ed11-83ff-000d3a1b9f3a}" behavior="0" />
      <RootComponent type="29" id="{6af46eb0-57bf-ed11-83ff-000d3a1b9f3a}" behavior="0" />
      <RootComponent type="29" id="{d6d816b8-a2cf-ed11-b597-000d3a1b9f3a}" behavior="0" />
      <RootComponent type="60" id="{16d1d49a-dccc-ed11-b597-000d3a1b9f3a}" behavior="0" />
      <RootComponent type="61" schemaName="cits_/images/approvaldashboard.svg" behavior="0" />
      <RootComponent type="61" schemaName="cits_/images/candidate.svg" behavior="0" />
      <RootComponent type="61" schemaName="cits_/images/citslogo.png" behavior="0" />
      <RootComponent type="61" schemaName="cits_/images/formdd250.svg" behavior="0" />
      <RootComponent type="61" schemaName="cits_/images/holacolarates.svg" behavior="0" />
      <RootComponent type="61" schemaName="cits_/images/leavecalendar.svg" behavior="0" />
      <RootComponent type="61" schemaName="cits_/images/otrequests.svg" behavior="0" />
      <RootComponent type="61" schemaName="cits_/images/positionassignment.svg" behavior="0" />
      <RootComponent type="61" schemaName="cits_/images/positioncatalog.svg" behavior="0" />
      <RootComponent type="61" schemaName="cits_/images/resource.svg" behavior="0" />
      <RootComponent type="61" schemaName="cits_/images/resourceverification.svg" behavior="0" />
      <RootComponent type="61" schemaName="cits_/images/travelexpenses.svg" behavior="0" />
      <RootComponent type="61" schemaName="cits_/js/candidate.js" behavior="0" />
      <RootComponent type="61" schemaName="cits_/js/citsrequest.js" behavior="0" />
      <RootComponent type="61" schemaName="cits_/js/citsresource.js" behavior="0" />
      <RootComponent type="61" schemaName="cits_/js/holacolarates.js" behavior="0" />
      <RootComponent type="61" schemaName="cits_/js/otrequest.js" behavior="0" />
      <RootComponent type="61" schemaName="cits_/js/positionassignment.js" behavior="0" />
      <RootComponent type="61" schemaName="cits_/js/tdytravelexpenses.js" behavior="0" />
      <RootComponent type="62" schemaName="cits_CITSPersonnelManagement" behavior="0" />
      <RootComponent type="70" id="{be0dc3c1-f4d1-ed11-a7c7-000d3a1b9f3a}" behavior="0" />
      <RootComponent type="80" schemaName="cits_CITSPersonnelManagement" behavior="0" />
      <RootComponent type="300" schemaName="cits_citsmanagementdashboard_1ad8c" behavior="0" />
      <RootComponent type="300" schemaName="cits_citspersonnelmanagementdefaultcommandlibrary_c894d" behavior="0" />
    </RootComponents>
    <MissingDependencies>
      <MissingDependency>
        <Required type="1" schemaName="aaduser" displayName="AAD User" solution="MetadataExtension (1.0.2.44)" />
        <Dependent type="10" schemaName="cits_cits_citsrequest_GovRequestor_POC_aaduser" displayName="cits_cits_citsrequest_GovRequestor_POC_aaduser" parentSchemaName="aaduser" parentDisplayName="AAD User" />
      </MissingDependency>
      <MissingDependency>
        <Required type="1" schemaName="aaduser" displayName="AAD User" solution="MetadataExtension (1.0.2.44)" />
        <Dependent type="10" schemaName="cits_cits_formdd250_PreApprovalAuthority_aadus" displayName="cits_cits_formdd250_PreApprovalAuthority_aadus" parentSchemaName="aaduser" parentDisplayName="AAD User" />
      </MissingDependency>
      <MissingDependency>
        <Required type="1" schemaName="af_country" displayName="Country" solution="Active" />
        <Dependent type="10" schemaName="cits_cits_citsrequest_TDY_LocationCountry_af_c" displayName="cits_cits_citsrequest_TDY_LocationCountry_af_c" parentSchemaName="af_country" parentDisplayName="Country" />
      </MissingDependency>
      <MissingDependency>
        <Required type="1" schemaName="af_country" displayName="Country" solution="Active" />
        <Dependent type="10" schemaName="cits_cits_leavecalendar_LeaveLocationCountry_a" displayName="cits_cits_leavecalendar_LeaveLocationCountry_a" parentSchemaName="af_country" parentDisplayName="Country" />
      </MissingDependency>
      <MissingDependency>
        <Required type="1" schemaName="af_country" displayName="Country" solution="Active" />
        <Dependent type="10" schemaName="cits_cits_resourceroster_HomeAddressCountry_af" displayName="cits_cits_resourceroster_HomeAddressCountry_af" parentSchemaName="af_country" parentDisplayName="Country" />
      </MissingDependency>
      <MissingDependency>
        <Required type="1" schemaName="af_country" displayName="Country" solution="Active" />
        <Dependent type="80" schemaName="cits_CITSPersonnelManagement" displayName="PMO Personnel Management" />
      </MissingDependency>
      <MissingDependency>
        <Required type="1" schemaName="environmentvariabledefinition" displayName="Environment Variable Definition" solution="EnvironmentVariables (1.0.2.243)" />
        <Dependent type="300" schemaName="cits_citsmanagementdashboard_1ad8c" displayName="Approval Dashboard" />
      </MissingDependency>
      <MissingDependency>
        <Required type="1" schemaName="environmentvariablevalue" displayName="Environment Variable Value" solution="EnvironmentVariables (1.0.2.243)" />
        <Dependent type="300" schemaName="cits_citsmanagementdashboard_1ad8c" displayName="Approval Dashboard" />
      </MissingDependency>
      <MissingDependency>
        <Required type="2" schemaName="aaduserid" displayName="AAD user id" parentSchemaName="aaduser" parentDisplayName="AAD User" solution="MetadataExtension (1.0.2.44)" />
        <Dependent type="10" schemaName="cits_cits_citsrequest_GovRequestor_POC_aaduser" displayName="cits_cits_citsrequest_GovRequestor_POC_aaduser" parentSchemaName="aaduser" parentDisplayName="AAD User" />
      </MissingDependency>
      <MissingDependency>
        <Required type="2" schemaName="aaduserid" displayName="AAD user id" parentSchemaName="aaduser" parentDisplayName="AAD User" solution="MetadataExtension (1.0.2.44)" />
        <Dependent type="10" schemaName="cits_cits_formdd250_PreApprovalAuthority_aadus" displayName="cits_cits_formdd250_PreApprovalAuthority_aadus" parentSchemaName="aaduser" parentDisplayName="AAD User" />
      </MissingDependency>
      <MissingDependency>
        <Required type="2" schemaName="displayname" displayName="Display Name" parentSchemaName="aaduser" parentDisplayName="AAD User" solution="MetadataExtension (1.0.2.44)" />
        <Dependent type="10" schemaName="cits_cits_citsrequest_GovRequestor_POC_aaduser" displayName="cits_cits_citsrequest_GovRequestor_POC_aaduser" parentSchemaName="aaduser" parentDisplayName="AAD User" />
      </MissingDependency>
      <MissingDependency>
        <Required type="2" schemaName="displayname" displayName="Display Name" parentSchemaName="aaduser" parentDisplayName="AAD User" solution="MetadataExtension (1.0.2.44)" />
        <Dependent type="10" schemaName="cits_cits_formdd250_PreApprovalAuthority_aadus" displayName="cits_cits_formdd250_PreApprovalAuthority_aadus" parentSchemaName="aaduser" parentDisplayName="AAD User" />
      </MissingDependency>
      <MissingDependency>
        <Required type="2" schemaName="af_countryid" displayName="Country" parentSchemaName="af_country" parentDisplayName="Country" solution="Active" />
        <Dependent type="10" schemaName="cits_cits_citsrequest_TDY_LocationCountry_af_c" displayName="cits_cits_citsrequest_TDY_LocationCountry_af_c" parentSchemaName="af_country" parentDisplayName="Country" />
      </MissingDependency>
      <MissingDependency>
        <Required type="2" schemaName="af_countryid" displayName="Country" parentSchemaName="af_country" parentDisplayName="Country" solution="Active" />
        <Dependent type="10" schemaName="cits_cits_leavecalendar_LeaveLocationCountry_a" displayName="cits_cits_leavecalendar_LeaveLocationCountry_a" parentSchemaName="af_country" parentDisplayName="Country" />
      </MissingDependency>
      <MissingDependency>
        <Required type="2" schemaName="af_countryid" displayName="Country" parentSchemaName="af_country" parentDisplayName="Country" solution="Active" />
        <Dependent type="10" schemaName="cits_cits_resourceroster_HomeAddressCountry_af" displayName="cits_cits_resourceroster_HomeAddressCountry_af" parentSchemaName="af_country" parentDisplayName="Country" />
      </MissingDependency>
      <MissingDependency>
        <Required type="2" schemaName="af_name" displayName="Name" parentSchemaName="af_country" parentDisplayName="Country" solution="Active" />
        <Dependent type="10" schemaName="cits_cits_citsrequest_TDY_LocationCountry_af_c" displayName="cits_cits_citsrequest_TDY_LocationCountry_af_c" parentSchemaName="af_country" parentDisplayName="Country" />
      </MissingDependency>
      <MissingDependency>
        <Required type="2" schemaName="af_name" displayName="Name" parentSchemaName="af_country" parentDisplayName="Country" solution="Active" />
        <Dependent type="10" schemaName="cits_cits_leavecalendar_LeaveLocationCountry_a" displayName="cits_cits_leavecalendar_LeaveLocationCountry_a" parentSchemaName="af_country" parentDisplayName="Country" />
      </MissingDependency>
      <MissingDependency>
        <Required type="2" schemaName="af_name" displayName="Name" parentSchemaName="af_country" parentDisplayName="Country" solution="Active" />
        <Dependent type="10" schemaName="cits_cits_resourceroster_HomeAddressCountry_af" displayName="cits_cits_resourceroster_HomeAddressCountry_af" parentSchemaName="af_country" parentDisplayName="Country" />
      </MissingDependency>
      <MissingDependency>
        <Required type="300" schemaName="cat_powercatcomponentlibrary_0be3a" displayName="Power CAT Component Library" solution="CreatorKitCore (1.0.20230118.1)" />
        <Dependent type="300" schemaName="cits_citsmanagementdashboard_1ad8c" displayName="Approval Dashboard" />
      </MissingDependency>
      <MissingDependency>
        <Required type="66" schemaName="af_USAFRICOM.ActionButton" displayName="af_USAFRICOM.ActionButton" solution="Active" />
        <Dependent type="60" displayName="Information" parentDisplayName="Program Request" id="{563db613-47b3-4d5a-abbb-fcce2f653fb5}" />
      </MissingDependency>
      <MissingDependency>
        <Required type="66" schemaName="af_USAFRICOM.ActionButton" displayName="af_USAFRICOM.ActionButton" solution="Active" />
        <Dependent type="60" displayName="Information" parentDisplayName="Form DD250" id="{87c7278e-0138-40f5-aaec-7bfb0adca894}" />
      </MissingDependency>
      <MissingDependency>
        <Required type="66" schemaName="cat_PowerCAT.Elevation" displayName="cat_PowerCAT.Elevation" solution="CreatorKitCore (1.0.20230118.1)" />
        <Dependent type="300" schemaName="cits_citsmanagementdashboard_1ad8c" displayName="Approval Dashboard" />
      </MissingDependency>
      <MissingDependency>
        <Required type="66" schemaName="cat_PowerCAT.FluentDetailsList" displayName="cat_PowerCAT.FluentDetailsList" solution="CreatorKitCore (1.0.20230118.1)" />
        <Dependent type="300" schemaName="cits_citsmanagementdashboard_1ad8c" displayName="Approval Dashboard" />
      </MissingDependency>
      <MissingDependency>
        <Required type="66" schemaName="cat_PowerCAT.Icon" displayName="cat_PowerCAT.Icon" solution="CreatorKitCore (1.0.20230118.1)" />
        <Dependent type="300" schemaName="cits_citsmanagementdashboard_1ad8c" displayName="Approval Dashboard" />
      </MissingDependency>
      <MissingDependency>
        <Required type="66" schemaName="Microsoft.PowerApps.PowerAppsOneGrid" displayName="Microsoft.PowerApps.PowerAppsOneGrid" solution="BaseCustomControlsCore (9.0.2304.3013)" />
        <Dependent type="60" displayName="Information" parentDisplayName="Position Catalog" id="{b2698ce2-8346-4097-abaf-5be08f8256ee}" />
      </MissingDependency>
      <MissingDependency>
        <Required type="66" schemaName="Microsoft.PowerApps.PowerAppsOneGrid" displayName="Microsoft.PowerApps.PowerAppsOneGrid" solution="BaseCustomControlsCore (9.0.2304.3013)" />
        <Dependent type="60" displayName="Information" parentDisplayName="Resource" id="{ec14708b-5dca-4c7e-bf93-eeb35d33b23d}" />
      </MissingDependency>
      <MissingDependency>
        <Required type="66" schemaName="Microsoft.PowerApps.PowerAppsOneGrid" displayName="Microsoft.PowerApps.PowerAppsOneGrid" solution="BaseCustomControlsCore (9.0.2304.3013)" />
        <Dependent type="68" id="{2c223100-6d84-42a4-a76f-a6eafd733f94}" />
      </MissingDependency>
      <MissingDependency>
        <Required type="66" schemaName="Microsoft.PowerApps.PowerAppsOneGrid" displayName="Microsoft.PowerApps.PowerAppsOneGrid" solution="BaseCustomControlsCore (9.0.2304.3013)" />
        <Dependent type="68" id="{548ea261-ecdd-404f-9608-8272d7c0d701}" />
      </MissingDependency>
      <MissingDependency>
        <Required type="66" schemaName="Microsoft.PowerApps.PowerAppsOneGrid" displayName="Microsoft.PowerApps.PowerAppsOneGrid" solution="BaseCustomControlsCore (9.0.2304.3013)" />
        <Dependent type="68" id="{f0d89b0d-12f9-4a9d-95e0-e71b8a60dfec}" />
      </MissingDependency>
      <MissingDependency>
        <Required type="66" schemaName="Microsoft.PowerApps.PowerAppsOneGrid" displayName="Microsoft.PowerApps.PowerAppsOneGrid" solution="BaseCustomControlsCore (9.0.2304.3013)" />
        <Dependent type="68" id="{f2575717-4482-429c-abfc-4a7bb7248a7c}" />
      </MissingDependency>
      <MissingDependency>
        <Required type="66" schemaName="MscrmControls.ActivityCalendarControl.ActivityCalendarControl" displayName="MscrmControls.ActivityCalendarControl.ActivityCalendarControl" solution="msdyn_UCICalendar (1.0.0.2814)" />
        <Dependent type="68" id="{df54bc9e-3f9a-4de9-b853-975ebd78b6ab}" />
      </MissingDependency>
      <MissingDependency>
        <Required type="66" schemaName="MscrmControls.FieldControls.ToggleControl" displayName="MscrmControls.FieldControls.ToggleControl" solution="BaseCustomControlsCore (9.0.2304.3013)" />
        <Dependent type="60" displayName="Information" parentDisplayName="Position Candidate" id="{063243a6-b860-4266-9f71-d13870578ef2}" />
      </MissingDependency>
      <MissingDependency>
        <Required type="66" schemaName="MscrmControls.FieldControls.ToggleControl" displayName="MscrmControls.FieldControls.ToggleControl" solution="BaseCustomControlsCore (9.0.2304.3013)" />
        <Dependent type="60" displayName="Information" parentDisplayName="Form DD250" id="{87c7278e-0138-40f5-aaec-7bfb0adca894}" />
      </MissingDependency>
      <MissingDependency>
        <Required type="66" schemaName="MscrmControls.FieldControls.ToggleControl" displayName="MscrmControls.FieldControls.ToggleControl" solution="BaseCustomControlsCore (9.0.2304.3013)" />
        <Dependent type="60" displayName="Information" parentDisplayName="Resource" id="{ec14708b-5dca-4c7e-bf93-eeb35d33b23d}" />
      </MissingDependency>
      <MissingDependency>
        <Required type="66" schemaName="MscrmControls.Signature.SignatureControl" displayName="MscrmControls.Signature.SignatureControl" solution="CustomControlsCore (9.2.23043.00234)" />
        <Dependent type="60" displayName="Information" parentDisplayName="Form DD250" id="{87c7278e-0138-40f5-aaec-7bfb0adca894}" />
      </MissingDependency>
      <MissingDependency>
        <Required type="SettingDefinition" displayName="AllowNotificationsEarlyAccess" solution="AppNotifications (10.0.0.14)" id.uniquename="AllowNotificationsEarlyAccess" />
        <Dependent type="AppSetting" displayName="parentappmoduleid.uniquename=cits_CITSPersonnelManagement,settingdefinitionid.uniquename=AllowNotificationsEarlyAccess" id.parentappmoduleid.uniquename="cits_CITSPersonnelManagement" id.settingdefinitionid.uniquename="AllowNotificationsEarlyAccess" />
      </MissingDependency>
      <MissingDependency>
        <Required type="SettingDefinition" displayName="FluentThemingPreview" solution="msdyn_PowerAppsThemingSettings (1.0.0.6)" id.uniquename="FluentThemingPreview" />
        <Dependent type="AppSetting" displayName="parentappmoduleid.uniquename=cits_CITSPersonnelManagement,settingdefinitionid.uniquename=FluentThemingPreview" id.parentappmoduleid.uniquename="cits_CITSPersonnelManagement" id.settingdefinitionid.uniquename="FluentThemingPreview" />
      </MissingDependency>
    </MissingDependencies>
  </SolutionManifest>
</ImportExportXml>