<ImportExportXml version="9.2.24101.204" SolutionPackageVersion="9.2" languagecode="1033" generatedBy="CrmLive" xmlns:xsi="http://www.w3.org/2001/XMLSchema-instance" OrganizationVersion="9.2.24101.204" OrganizationSchemaType="Standard" CRMServerServiceabilityVersion="9.2.24101.00204">
  <SolutionManifest>
    <UniqueName>AFRICOM_PowerProject</UniqueName>
    <LocalizedNames>
      <LocalizedName description="AFRICOM Power Project" languagecode="1033" />
    </LocalizedNames>
    <Descriptions />
    <Version>1.0.0.7</Version>
    <Managed>1</Managed>
    <Publisher>
      <UniqueName>africom</UniqueName>
      <LocalizedNames>
        <LocalizedName description="USAFRICOM" languagecode="1033" />
      </LocalizedNames>
      <Descriptions>
        <Description description="USAFRICOM PowerApps publisher" languagecode="1033" />
      </Descriptions>
      <EMailAddress xsi:nil="true"></EMailAddress>
      <SupportingWebsiteUrl xsi:nil="true"></SupportingWebsiteUrl>
      <CustomizationPrefix>af</CustomizationPrefix>
      <CustomizationOptionValuePrefix>47933</CustomizationOptionValuePrefix>
      <Addresses>
        <Address>
          <AddressNumber>1</AddressNumber>
          <AddressTypeCode>1</AddressTypeCode>
          <City xsi:nil="true"></City>
          <County xsi:nil="true"></County>
          <Country xsi:nil="true"></Country>
          <Fax xsi:nil="true"></Fax>
          <FreightTermsCode xsi:nil="true"></FreightTermsCode>
          <ImportSequenceNumber xsi:nil="true"></ImportSequenceNumber>
          <Latitude xsi:nil="true"></Latitude>
          <Line1 xsi:nil="true"></Line1>
          <Line2 xsi:nil="true"></Line2>
          <Line3 xsi:nil="true"></Line3>
          <Longitude xsi:nil="true"></Longitude>
          <Name xsi:nil="true"></Name>
          <PostalCode xsi:nil="true"></PostalCode>
          <PostOfficeBox xsi:nil="true"></PostOfficeBox>
          <PrimaryContactName xsi:nil="true"></PrimaryContactName>
          <ShippingMethodCode>1</ShippingMethodCode>
          <StateOrProvince xsi:nil="true"></StateOrProvince>
          <Telephone1 xsi:nil="true"></Telephone1>
          <Telephone2 xsi:nil="true"></Telephone2>
          <Telephone3 xsi:nil="true"></Telephone3>
          <TimeZoneRuleVersionNumber xsi:nil="true"></TimeZoneRuleVersionNumber>
          <UPSZone xsi:nil="true"></UPSZone>
          <UTCOffset xsi:nil="true"></UTCOffset>
          <UTCConversionTimeZoneCode xsi:nil="true"></UTCConversionTimeZoneCode>
        </Address>
        <Address>
          <AddressNumber>2</AddressNumber>
          <AddressTypeCode>1</AddressTypeCode>
          <City xsi:nil="true"></City>
          <County xsi:nil="true"></County>
          <Country xsi:nil="true"></Country>
          <Fax xsi:nil="true"></Fax>
          <FreightTermsCode xsi:nil="true"></FreightTermsCode>
          <ImportSequenceNumber xsi:nil="true"></ImportSequenceNumber>
          <Latitude xsi:nil="true"></Latitude>
          <Line1 xsi:nil="true"></Line1>
          <Line2 xsi:nil="true"></Line2>
          <Line3 xsi:nil="true"></Line3>
          <Longitude xsi:nil="true"></Longitude>
          <Name xsi:nil="true"></Name>
          <PostalCode xsi:nil="true"></PostalCode>
          <PostOfficeBox xsi:nil="true"></PostOfficeBox>
          <PrimaryContactName xsi:nil="true"></PrimaryContactName>
          <ShippingMethodCode>1</ShippingMethodCode>
          <StateOrProvince xsi:nil="true"></StateOrProvince>
          <Telephone1 xsi:nil="true"></Telephone1>
          <Telephone2 xsi:nil="true"></Telephone2>
          <Telephone3 xsi:nil="true"></Telephone3>
          <TimeZoneRuleVersionNumber xsi:nil="true"></TimeZoneRuleVersionNumber>
          <UPSZone xsi:nil="true"></UPSZone>
          <UTCOffset xsi:nil="true"></UTCOffset>
          <UTCConversionTimeZoneCode xsi:nil="true"></UTCConversionTimeZoneCode>
        </Address>
      </Addresses>
    </Publisher>
    <RootComponents>
      <RootComponent type="1" schemaName="aaduser" behavior="1" />
      <RootComponent type="1" schemaName="af_capabilityteam" behavior="0" />
      <RootComponent type="1" schemaName="af_dependency" behavior="0" />
      <RootComponent type="1" schemaName="af_generalproject" behavior="0" />
      <RootComponent type="1" schemaName="af_itproject_bpf" behavior="0" />
      <RootComponent type="1" schemaName="af_milestone" behavior="0" />
      <RootComponent type="1" schemaName="af_project" behavior="0" />
      <RootComponent type="1" schemaName="af_projecttask" behavior="0" />
      <RootComponent type="1" schemaName="af_resource" behavior="0" />
      <RootComponent type="1" schemaName="af_risk" behavior="0" />
      <RootComponent type="9" schemaName="af_cabstatus" behavior="0" />
      <RootComponent type="9" schemaName="af_itrstatus" behavior="0" />
      <RootComponent type="9" schemaName="af_projectskillsets" behavior="0" />
      <RootComponent type="9" schemaName="af_projectstatus" behavior="0" />
      <RootComponent type="9" schemaName="af_projecttypes" behavior="0" />
      <RootComponent type="9" schemaName="af_severitylevels" behavior="0" />
      <RootComponent type="20" id="{bb9070c3-0f90-ed11-aad1-000d3a1b9f3a}" behavior="0" />
      <RootComponent type="29" id="{615279df-5d97-ed11-aad0-001dd81014f3}" behavior="0" />
      <RootComponent type="29" id="{bfc5b31a-0990-ed11-aad1-000d3a1b9f3a}" behavior="0" />
      <RootComponent type="29" id="{ea234c79-2f97-ed11-aad0-001dd81044b3}" behavior="0" />
      <RootComponent type="60" id="{d0ba0a95-e497-ed11-aad0-001dd81014f3}" behavior="0" />
      <RootComponent type="60" id="{d38327b5-7797-ed11-aad0-001dd81014f3}" behavior="0" />
      <RootComponent type="61" schemaName="af_/images/AADUser.svg" behavior="0" />
      <RootComponent type="61" schemaName="af_/images/af_capabilityteam.svg" behavior="0" />
      <RootComponent type="61" schemaName="af_/images/af_dependency.svg" behavior="0" />
      <RootComponent type="61" schemaName="af_/images/af_milestone.svg" behavior="0" />
      <RootComponent type="61" schemaName="af_/images/af_project.svg" behavior="0" />
      <RootComponent type="61" schemaName="af_/images/af_projecttask.svg" behavior="0" />
      <RootComponent type="61" schemaName="af_/images/af_resource.svg" behavior="0" />
      <RootComponent type="61" schemaName="af_/images/af_risk.svg" behavior="0" />
      <RootComponent type="61" schemaName="af_/images/powerproject.svg" behavior="0" />
      <RootComponent type="61" schemaName="af_/js/af_project.js" behavior="0" />
      <RootComponent type="62" schemaName="af_PowerProject" behavior="0" />
      <RootComponent type="80" schemaName="af_PowerProject" behavior="0" />
    </RootComponents>
    <MissingDependencies>
      <MissingDependency>
        <Required type="1" schemaName="aaduser" displayName="AAD User" solution="MetadataExtension (1.0.2.106)">
          <package>msft_AsyncAttributeMetadataApp (1.0.0.34)</package>
        </Required>
        <Dependent type="1" schemaName="aaduser" displayName="AAD User" />
      </MissingDependency>
      <MissingDependency>
        <Required type="1" schemaName="af_africomdirectorates" displayName="AFRICOM Directorates" solution="Active" />
        <Dependent type="80" schemaName="af_PowerProject" displayName="Power Project" />
      </MissingDependency>
      <MissingDependency>
        <Required type="1" schemaName="af_africomdivisions" displayName="AFRICOM Divisions" solution="Active" />
        <Dependent type="80" schemaName="af_PowerProject" displayName="Power Project" />
      </MissingDependency>
      <MissingDependency>
        <Required type="1" schemaName="af_africomorgs" displayName="AFRICOM Orgs" solution="Active" />
        <Dependent type="80" schemaName="af_PowerProject" displayName="Power Project" />
      </MissingDependency>
      <MissingDependency>
        <Required type="181" schemaName="Microsoft Entra ID Custom Data Provider" displayName="Microsoft Entra ID Custom Data Provider" solution="MetadataExtension (1.0.2.106)" id="{54629ed7-0cd3-4c85-9b6c-ea5f8548a9aa}">
          <package>msft_AsyncAttributeMetadataApp (1.0.0.34)</package>
        </Required>
        <Dependent type="1" schemaName="aaduser" displayName="AAD User" />
      </MissingDependency>
      <MissingDependency>
        <Required type="20" displayName="Environment Maker" solution="SolutionComponentConfiguration (9.1.0.152)" id="{d58407f2-48d5-e711-a82c-000d3a37c848}">
          <package>SolutionHistoryAnchor (9.1.0.10)</package>
        </Required>
        <Dependent type="80" schemaName="af_PowerProject" displayName="Power Project" />
      </MissingDependency>
      <MissingDependency>
        <Required type="26" schemaName="All Microsoft Entra IDs" displayName="All Microsoft Entra IDs" parentSchemaName="aaduser" parentDisplayName="AAD User" solution="MetadataExtension (1.0.2.106)" id="{1f1810e2-2903-402f-92bc-db11ec075c24}">
          <package>msft_AsyncAttributeMetadataApp (1.0.0.34)</package>
        </Required>
        <Dependent type="60" displayName="Information" parentDisplayName="Project" id="{92425c31-fb3b-4acf-b9c4-e796b66c5de4}" />
      </MissingDependency>
      <MissingDependency>
        <Required type="26" schemaName="Microsoft Entra ID Lookup View" displayName="Microsoft Entra ID Lookup View" parentSchemaName="aaduser" parentDisplayName="AAD User" solution="MetadataExtension (1.0.2.106)" id="{37ced142-2ece-4621-94f0-f5c3398ee4e8}">
          <package>msft_AsyncAttributeMetadataApp (1.0.0.34)</package>
        </Required>
        <Dependent type="68" id="{cd822a2d-81bd-4f1b-80ca-77c87b836f8b}" />
      </MissingDependency>
      <MissingDependency>
        <Required type="61" schemaName="cat_peoplePicker_icon" displayName="cat_peoplePicker_icon" solution="CreatorKitReferencesMDA (1.0.20230727.2)" />
        <Dependent type="1" schemaName="aaduser" displayName="AAD User" />
      </MissingDependency>
      <MissingDependency>
        <Required type="66" schemaName="Microsoft.PowerApps.PowerAppsOneGrid" displayName="Microsoft.PowerApps.PowerAppsOneGrid" solution="BaseCustomControlsCore (9.0.2409.5017)">
          <package>BaseCustomControlsCore (9.0.2409.5017)</package>
        </Required>
        <Dependent type="68" id="{cd822a2d-81bd-4f1b-80ca-77c87b836f8b}" />
      </MissingDependency>
      <MissingDependency>
        <Required type="66" schemaName="MscrmControls.Grid.GridControl" displayName="MscrmControls.Grid.GridControl" solution="BaseCustomControlsCore (9.0.2409.5017)">
          <package>BaseCustomControlsCore (9.0.2409.5017)</package>
        </Required>
        <Dependent type="60" displayName="Information" parentDisplayName="Milestone" id="{178c8c59-0c3b-411a-b897-30a5bf9f16f6}" />
      </MissingDependency>
      <MissingDependency>
        <Required type="66" schemaName="MscrmControls.NumberInput.NumberInputControl" displayName="MscrmControls.NumberInput.NumberInputControl" solution="BaseCustomControlsCore (9.0.2409.5017)">
          <package>BaseCustomControlsCore (9.0.2409.5017)</package>
        </Required>
        <Dependent type="60" displayName="Information" parentDisplayName="Project Task" id="{8ac10120-3c99-4ab7-bbc3-8225ce1eb945}" />
      </MissingDependency>
      <MissingDependency>
        <Required type="66" schemaName="MscrmControls.NumberInput.NumberInputControl" displayName="MscrmControls.NumberInput.NumberInputControl" solution="BaseCustomControlsCore (9.0.2409.5017)">
          <package>BaseCustomControlsCore (9.0.2409.5017)</package>
        </Required>
        <Dependent type="60" displayName="Information" parentDisplayName="Project" id="{92425c31-fb3b-4acf-b9c4-e796b66c5de4}" />
      </MissingDependency>
    </MissingDependencies>
  </SolutionManifest>
</ImportExportXml>