<environmentvariabledefinition schemaname="af_ASDFlowSenderEmail">
  <description default="the email address that will be sending emails from">
    <label description="the email address that will be sending emails from" languagecode="1033" />
  </description>
  <displayname default="ASD Flow Sender Email">
    <label description="ASD Flow Sender Email" languagecode="1033" />
  </displayname>
  <introducedversion>1.0.0.5</introducedversion>
  <iscustomizable>1</iscustomizable>
  <isrequired>0</isrequired>
  <secretstore>0</secretstore>
  <type>100000000</type>
</environmentvariabledefinition>