<environmentvariabledefinition schemaname="cits_CITSPM_PowerBIOverview">
  <defaultvalue>{"group":{"id":"","name":""},"component":{"id":"","name":"I","type":"Report","embedUrl":""}}</defaultvalue>
  <description default="Report Link URL">
    <label description="Report Link URL" languagecode="1033" />
  </description>
  <displayname default="CITSPM/PowerBI Overview">
    <label description="CITSPM/PowerBI Overview" languagecode="1033" />
  </displayname>
  <introducedversion>1.0.0.4</introducedversion>
  <iscustomizable>1</iscustomizable>
  <isrequired>0</isrequired>
  <secretstore>0</secretstore>
  <type>100000003</type>
</environmentvariabledefinition>