<environmentvariabledefinition schemaname="af_PP_ProjectDashboard">
  <defaultvalue>{"group":{"id":"e2f2b21e-6ac5-4621-bb38-0e9492745299","name":"AFRICOM Power Project"},"component":{"id":"e8d87355-7c9c-461c-b59b-802d128865f6","name":"AFRICOM Power Project Dashboard - PROD","type":"Report","embedUrl":"https://app.mil.powerbigov.us/reportEmbed"}}</defaultvalue>
  <description default="PBI link">
    <label description="PBI link" languagecode="1033" />
  </description>
  <displayname default="PowerProject/Project Dashboard">
    <label description="PowerProject/Project Dashboard" languagecode="1033" />
  </displayname>
  <introducedversion>1.0.0.6</introducedversion>
  <iscustomizable>1</iscustomizable>
  <isrequired>0</isrequired>
  <secretstore>0</secretstore>
  <type>100000003</type>
</environmentvariabledefinition>