<environmentvariabledefinition schemaname="cits_CITSPM_FlowEmailer">
  <description default="Email distro list">
    <label description="Email distro list" languagecode="1033" />
  </description>
  <displayname default="CITSPM/Flow Emailer">
    <label description="CITSPM/Flow Emailer" languagecode="1033" />
  </displayname>
  <introducedversion>1.0.0.3</introducedversion>
  <iscustomizable>1</iscustomizable>
  <isrequired>0</isrequired>
  <secretstore>0</secretstore>
  <type>100000000</type>
</environmentvariabledefinition>