<ImportExportXml xmlns:xsi="http://www.w3.org/2001/XMLSchema-instance">
  <Entities></Entities>
  <Roles></Roles>
  <Workflows>
    <Workflow WorkflowId="{d12eb231-bce1-ec11-bb3d-0022482fdd53}" Name="ASD-Security Manager Reminder Email">
      <JsonFileName>/Workflows/ASD-SecurityManagerReminderEmail-D12EB231-BCE1-EC11-BB3D-0022482FDD53.json</JsonFileName>
      <Type>1</Type>
      <Subprocess>0</Subprocess>
      <Category>5</Category>
      <Mode>0</Mode>
      <Scope>4</Scope>
      <OnDemand>0</OnDemand>
      <TriggerOnCreate>0</TriggerOnCreate>
      <TriggerOnDelete>0</TriggerOnDelete>
      <AsyncAutodelete>0</AsyncAutodelete>
      <SyncWorkflowLogOnFailure>0</SyncWorkflowLogOnFailure>
      <StateCode>0</StateCode>
      <StatusCode>1</StatusCode>
      <RunAs>1</RunAs>
      <IsTransacted>1</IsTransacted>
      <IntroducedVersion>1.0.0.19</IntroducedVersion>
      <IsCustomizable>1</IsCustomizable>
      <BusinessProcessType>0</BusinessProcessType>
      <IsCustomProcessingStepAllowedForOtherPublishers>1</IsCustomProcessingStepAllowedForOtherPublishers>
      <PrimaryEntity>none</PrimaryEntity>
      <LocalizedNames>
        <LocalizedName languagecode="1033" description="ASD-Security Manager Reminder Email" />
      </LocalizedNames>
    </Workflow>
    <Workflow WorkflowId="{695080ac-c2b2-ec11-983f-0022482fe6f3}" Name="ASD Kick Off Approval">
      <JsonFileName>/Workflows/ASDKickOffApproval-695080AC-C2B2-EC11-983F-0022482FE6F3.json</JsonFileName>
      <Type>1</Type>
      <Subprocess>0</Subprocess>
      <Category>5</Category>
      <Mode>0</Mode>
      <Scope>4</Scope>
      <OnDemand>0</OnDemand>
      <TriggerOnCreate>0</TriggerOnCreate>
      <TriggerOnDelete>0</TriggerOnDelete>
      <AsyncAutodelete>0</AsyncAutodelete>
      <SyncWorkflowLogOnFailure>0</SyncWorkflowLogOnFailure>
      <StateCode>1</StateCode>
      <StatusCode>2</StatusCode>
      <RunAs>1</RunAs>
      <IsTransacted>1</IsTransacted>
      <IntroducedVersion>1.0.0.2</IntroducedVersion>
      <IsCustomizable>1</IsCustomizable>
      <BusinessProcessType>0</BusinessProcessType>
      <IsCustomProcessingStepAllowedForOtherPublishers>1</IsCustomProcessingStepAllowedForOtherPublishers>
      <PrimaryEntity>none</PrimaryEntity>
      <LocalizedNames>
        <LocalizedName languagecode="1033" description="ASD Kick Off Approval" />
      </LocalizedNames>
    </Workflow>
    <Workflow WorkflowId="{a4557a85-b4d6-ec11-a7b5-002248346670}" Name="ASD-GenerateOrdersMemo">
      <JsonFileName>/Workflows/ASD-GenerateOrdersMemo-A4557A85-B4D6-EC11-A7B5-002248346670.json</JsonFileName>
      <Type>1</Type>
      <Subprocess>0</Subprocess>
      <Category>5</Category>
      <Mode>0</Mode>
      <Scope>4</Scope>
      <OnDemand>0</OnDemand>
      <TriggerOnCreate>0</TriggerOnCreate>
      <TriggerOnDelete>0</TriggerOnDelete>
      <AsyncAutodelete>0</AsyncAutodelete>
      <SyncWorkflowLogOnFailure>0</SyncWorkflowLogOnFailure>
      <StateCode>1</StateCode>
      <StatusCode>2</StatusCode>
      <RunAs>1</RunAs>
      <IsTransacted>1</IsTransacted>
      <IntroducedVersion>1.0.0.16</IntroducedVersion>
      <IsCustomizable>1</IsCustomizable>
      <BusinessProcessType>0</BusinessProcessType>
      <IsCustomProcessingStepAllowedForOtherPublishers>1</IsCustomProcessingStepAllowedForOtherPublishers>
      <PrimaryEntity>none</PrimaryEntity>
      <LocalizedNames>
        <LocalizedName languagecode="1033" description="ASD-GenerateOrdersMemo" />
      </LocalizedNames>
    </Workflow>
    <Workflow WorkflowId="{7e7895d7-aed6-ec11-a7b5-002248346670}" Name="ASD-GeneratePLAA">
      <JsonFileName>/Workflows/ASD-GeneratePLAA-7E7895D7-AED6-EC11-A7B5-002248346670.json</JsonFileName>
      <Type>1</Type>
      <Subprocess>0</Subprocess>
      <Category>5</Category>
      <Mode>0</Mode>
      <Scope>4</Scope>
      <OnDemand>0</OnDemand>
      <TriggerOnCreate>0</TriggerOnCreate>
      <TriggerOnDelete>0</TriggerOnDelete>
      <AsyncAutodelete>0</AsyncAutodelete>
      <SyncWorkflowLogOnFailure>0</SyncWorkflowLogOnFailure>
      <StateCode>1</StateCode>
      <StatusCode>2</StatusCode>
      <RunAs>1</RunAs>
      <IsTransacted>1</IsTransacted>
      <IntroducedVersion>1.0.0.16</IntroducedVersion>
      <IsCustomizable>1</IsCustomizable>
      <BusinessProcessType>0</BusinessProcessType>
      <IsCustomProcessingStepAllowedForOtherPublishers>1</IsCustomProcessingStepAllowedForOtherPublishers>
      <PrimaryEntity>none</PrimaryEntity>
      <LocalizedNames>
        <LocalizedName languagecode="1033" description="ASD-GeneratePLAA" />
      </LocalizedNames>
    </Workflow>
    <Workflow WorkflowId="{644a230f-efd5-ec11-a7b5-002248346670}" Name="ASD-GenerateAUP">
      <JsonFileName>/Workflows/ASD-GenerateAUP-644A230F-EFD5-EC11-A7B5-002248346670.json</JsonFileName>
      <Type>1</Type>
      <Subprocess>0</Subprocess>
      <Category>5</Category>
      <Mode>0</Mode>
      <Scope>4</Scope>
      <OnDemand>0</OnDemand>
      <TriggerOnCreate>0</TriggerOnCreate>
      <TriggerOnDelete>0</TriggerOnDelete>
      <AsyncAutodelete>0</AsyncAutodelete>
      <SyncWorkflowLogOnFailure>0</SyncWorkflowLogOnFailure>
      <StateCode>1</StateCode>
      <StatusCode>2</StatusCode>
      <RunAs>1</RunAs>
      <IsTransacted>1</IsTransacted>
      <IntroducedVersion>1.0</IntroducedVersion>
      <IsCustomizable>1</IsCustomizable>
      <BusinessProcessType>0</BusinessProcessType>
      <IsCustomProcessingStepAllowedForOtherPublishers>1</IsCustomProcessingStepAllowedForOtherPublishers>
      <PrimaryEntity>none</PrimaryEntity>
      <LocalizedNames>
        <LocalizedName languagecode="1033" description="ASD-GenerateAUP" />
      </LocalizedNames>
    </Workflow>
    <Workflow WorkflowId="{417fec73-09d5-ec11-a7b5-002248346670}" Name="ASD-GetEnvironmentVariables">
      <JsonFileName>/Workflows/ASD-GetEnvironmentVariables-417FEC73-09D5-EC11-A7B5-002248346670.json</JsonFileName>
      <Type>1</Type>
      <Subprocess>0</Subprocess>
      <Category>5</Category>
      <Mode>0</Mode>
      <Scope>4</Scope>
      <OnDemand>0</OnDemand>
      <TriggerOnCreate>0</TriggerOnCreate>
      <TriggerOnDelete>0</TriggerOnDelete>
      <AsyncAutodelete>0</AsyncAutodelete>
      <SyncWorkflowLogOnFailure>0</SyncWorkflowLogOnFailure>
      <StateCode>1</StateCode>
      <StatusCode>2</StatusCode>
      <RunAs>1</RunAs>
      <IsTransacted>1</IsTransacted>
      <IntroducedVersion>1.0.0.10</IntroducedVersion>
      <IsCustomizable>1</IsCustomizable>
      <BusinessProcessType>0</BusinessProcessType>
      <IsCustomProcessingStepAllowedForOtherPublishers>1</IsCustomProcessingStepAllowedForOtherPublishers>
      <PrimaryEntity>none</PrimaryEntity>
      <LocalizedNames>
        <LocalizedName languagecode="1033" description="ASD-GetEnvironmentVariables" />
      </LocalizedNames>
    </Workflow>
    <Workflow WorkflowId="{abb713e4-08d3-ec11-a7b5-0022482d9bd6}" Name="ASD-Generate2875">
      <JsonFileName>/Workflows/ASD-Generate2875-ABB713E4-08D3-EC11-A7B5-0022482D9BD6.json</JsonFileName>
      <Type>1</Type>
      <Subprocess>0</Subprocess>
      <Category>5</Category>
      <Mode>0</Mode>
      <Scope>4</Scope>
      <OnDemand>0</OnDemand>
      <TriggerOnCreate>0</TriggerOnCreate>
      <TriggerOnDelete>0</TriggerOnDelete>
      <AsyncAutodelete>0</AsyncAutodelete>
      <SyncWorkflowLogOnFailure>0</SyncWorkflowLogOnFailure>
      <StateCode>1</StateCode>
      <StatusCode>2</StatusCode>
      <RunAs>1</RunAs>
      <IsTransacted>1</IsTransacted>
      <IntroducedVersion>1.0.0.8</IntroducedVersion>
      <IsCustomizable>1</IsCustomizable>
      <BusinessProcessType>0</BusinessProcessType>
      <IsCustomProcessingStepAllowedForOtherPublishers>1</IsCustomProcessingStepAllowedForOtherPublishers>
      <PrimaryEntity>none</PrimaryEntity>
      <LocalizedNames>
        <LocalizedName languagecode="1033" description="ASD-Generate2875" />
      </LocalizedNames>
    </Workflow>
    <Workflow WorkflowId="{25642288-fdf7-ec11-bb3d-000d3a1360d8}" Name="ASD-Generate2842">
      <JsonFileName>/Workflows/ASD-Generate2842-25642288-FDF7-EC11-BB3D-000D3A1360D8.json</JsonFileName>
      <Type>1</Type>
      <Subprocess>0</Subprocess>
      <Category>5</Category>
      <Mode>0</Mode>
      <Scope>4</Scope>
      <OnDemand>0</OnDemand>
      <TriggerOnCreate>0</TriggerOnCreate>
      <TriggerOnDelete>0</TriggerOnDelete>
      <AsyncAutodelete>0</AsyncAutodelete>
      <SyncWorkflowLogOnFailure>0</SyncWorkflowLogOnFailure>
      <StateCode>1</StateCode>
      <StatusCode>2</StatusCode>
      <RunAs>1</RunAs>
      <IsTransacted>1</IsTransacted>
      <IntroducedVersion>1.0.0.22</IntroducedVersion>
      <IsCustomizable>1</IsCustomizable>
      <BusinessProcessType>0</BusinessProcessType>
      <IsCustomProcessingStepAllowedForOtherPublishers>1</IsCustomProcessingStepAllowedForOtherPublishers>
      <PrimaryEntity>none</PrimaryEntity>
      <LocalizedNames>
        <LocalizedName languagecode="1033" description="ASD-Generate2842" />
      </LocalizedNames>
    </Workflow>
  </Workflows>
  <FieldSecurityProfiles></FieldSecurityProfiles>
  <Templates />
  <EntityMaps />
  <EntityRelationships />
  <OrganizationSettings />
  <optionsets />
  <CustomControls />
  <EntityDataProviders />
  <CanvasApps>
    <CanvasApp>
      <Name>af_spattachmentviewer_1ae40</Name>
      <AppVersion>2022-08-29T13:04:45Z</AppVersion>
      <Status>Ready</Status>
      <CreatedByClientVersion>3.22082.8.0</CreatedByClientVersion>
      <MinClientVersion>3.22082.8.0</MinClientVersion>
      <Tags>{"primaryDeviceWidth":"640","primaryDeviceHeight":"640","sienaVersion":"20220325T123445Z-3.22022.31.0","deviceCapabilities":"","supportsPortrait":"true","supportsLandscape":"true","primaryFormFactor":"Phone","publisherVersion":"3.22082.8","minimumRequiredApiVersion":"2.2.0","hasComponent":"true","hasUnlockedComponent":"true","isUnifiedRootApp":"false"}</Tags>
      <IsCdsUpgraded>0</IsCdsUpgraded>
      <GalleryItemId xsi:nil="true"></GalleryItemId>
      <BackgroundColor>RGBA(251,101,60,255)</BackgroundColor>
      <DisplayName>SP Attachment Viewer</DisplayName>
      <Description xsi:nil="true"></Description>
      <CommitMessage>accessibility updates</CommitMessage>
      <Publisher xsi:nil="true"></Publisher>
      <AuthorizationReferences>[]</AuthorizationReferences>
      <ConnectionReferences>{}</ConnectionReferences>
      <DatabaseReferences>{}</DatabaseReferences>
      <AppComponents>[{"appComponentName":"f967aff4bbff4f88b9ed175eeed39ff5","displayName":"SPListItemAttachmentsViewer","description":"SharePoint Attachment Viewer","appName":"c8c3c433-fb8c-4068-a92c-46cfb6f9ae9c","appVersion":"2022-08-29T13:04:45Z","appComponentLibraryLogicalName":"af_spattachmentviewer_1ae40","appDisplayName":"SP Attachment Viewer","environmentName":"default-75120bef-f9f7-4ae6-8fa0-8021d2117bd0","owner":{"id":"8f414088-0f1a-4edc-b3bc-73cdec6e2aed","displayName":"Ivan Yurisevic","email":"iyurisevic@j654dev.onmicrosoft.com","type":"User","tenantId":"75120bef-f9f7-4ae6-8fa0-8021d2117bd0","userPrincipalName":"iyurisevic@j654dev.onmicrosoft.com"},"allowCustomization":true,"createdOn":"2022-03-25T12:34:45.389Z","lastModifiedOn":"2022-08-29T13:03:11.997Z","connectionReferences":{},"databaseReferences":{}}]</AppComponents>
      <AppComponentDependencies>[]</AppComponentDependencies>
      <CanConsumeAppPass>1</CanConsumeAppPass>
      <CanvasAppType>1</CanvasAppType>
      <BypassConsent>0</BypassConsent>
      <AdminControlBypassConsent>0</AdminControlBypassConsent>
      <EmbeddedApp xsi:nil="true"></EmbeddedApp>
      <IntroducedVersion>1.0</IntroducedVersion>
      <CdsDependencies>{"cdsdependencies":[]}</CdsDependencies>
      <IsCustomizable>1</IsCustomizable>
      <BackgroundImageUri>/CanvasApps/af_spattachmentviewer_1ae40_BackgroundImageUri</BackgroundImageUri>
      <DocumentUri>/CanvasApps/af_spattachmentviewer_1ae40_DocumentUri.msapp</DocumentUri>
    </CanvasApp>
    <CanvasApp>
      <Name>af_asdaccountrequests_2ed42</Name>
      <AppVersion>2022-11-17T13:20:33Z</AppVersion>
      <Status>Ready</Status>
      <CreatedByClientVersion>3.22105.21.0</CreatedByClientVersion>
      <MinClientVersion>3.22105.21.0</MinClientVersion>
      <Tags>{"primaryDeviceWidth":"1366","primaryDeviceHeight":"768","sienaVersion":"20220916T085239Z-3.22084.17.0","deviceCapabilities":"","supportsPortrait":"false","supportsLandscape":"true","primaryFormFactor":"Tablet","publisherVersion":"3.22105.21","minimumRequiredApiVersion":"2.2.0","hasComponent":"true","hasUnlockedComponent":"true","isUnifiedRootApp":"false"}</Tags>
      <IsCdsUpgraded>0</IsCdsUpgraded>
      <GalleryItemId xsi:nil="true"></GalleryItemId>
      <BackgroundColor>rgba(9, 33, 98, 1)</BackgroundColor>
      <DisplayName>ASD Account Requests</DisplayName>
      <Description>Submit a new AFRICOM account request to ASD for creation. Requests are routed to appropriate parties for approval.</Description>
      <CommitMessage>Added BG Color props, added no email in profile validation</CommitMessage>
      <Publisher xsi:nil="true"></Publisher>
      <AuthorizationReferences>[{"resourceId":"powerbi"}]</AuthorizationReferences>
      <ConnectionReferences>{"6f72918a-7921-fa64-14bf-78187ad1b172":{"id":"/providers/microsoft.powerapps/apis/shared_office365users","displayName":"Office 365 Users","iconUri":"https://connectoricons-prod.azureedge.net/releases/v1.0.1593/1.0.1593.2980/office365users/icon.png","dataSources":["Office365Users"],"dependencies":[],"dependents":[],"parameterHints":{},"parameterHintsV2":{},"isOnPremiseConnection":false,"bypassConsent":false,"dataSets":{},"apiTier":"Standard","actions":["MyProfile","UserProfile"]},"12f73af9-777f-4fd4-a512-da2f66fd7501":{"id":"/providers/microsoft.powerapps/apis/shared_office365","displayName":"Office 365 Outlook","iconUri":"https://connectoricons-prod.azureedge.net/releases/v1.0.1599/1.0.1599.3017/office365/icon.png","dataSources":["Office365"],"dependencies":[],"dependents":[],"parameterHints":{},"parameterHintsV2":{},"isOnPremiseConnection":false,"bypassConsent":false,"dataSets":{},"apiTier":"Standard"},"5cbb95ba-b025-48d9-9e68-623d578ef4c7":{"id":"/providers/microsoft.powerapps/apis/shared_sharepointonline","displayName":"SharePoint","iconUri":"https://connectoricons-prod.azureedge.net/releases/v1.0.1610-greyhound-localization-RelayFix/1.0.1610.3091/sharepointonline/icon.png","dataSources":["ASD/J6 Validators","ASD/CTR Company","ASD/ASD Requests","ASD/ASD Locations","ASD/Secured SSN","ASD/ASD Designations","ASD/ASD Ranks","ASD/ASD Affiliations","ASD/ASD Administrators","ASD/Security Managers","ASD/Investigation Types","ASD/DocumentLibrary","ASD/IA Administrators","ASD/AFRICOM Directorates","ASD/AFRICOM Divisions","ASD/AFRICOM Orgs","ASD/Countries"],"dependencies":[],"dependents":["34c83f0a-d315-4b96-9235-0ef81326a87c","41f515a1-cbe2-42e0-8c4e-f7d8d466e22a","5c4a5bb7-c0cd-4a14-a490-a2a77ff2e5a0","30ebb271-b2b1-4537-bac7-3e745f54d937","ca6bdebb-def4-48ba-8903-7357a8ee4aaf"],"parameterHints":{},"parameterHintsV2":{},"isOnPremiseConnection":false,"bypassConsent":false,"dataSets":{"https://j654dev.sharepoint.com/sites/ASD":{"datasetOverride":{"name":"https://j654dev.sharepoint.com/sites/ASD","environmentVariableName":"af_ASDRootSite"},"dataSources":{"ASD/J6 Validators":{"tableName":"73f682a2-a60b-45de-a077-e5b585ab9327","tableNameOverride":{"name":"73f682a2-a60b-45de-a077-e5b585ab9327","environmentVariableName":"af_ASD_J6Validators"}},"ASD/CTR Company":{"tableName":"65537a48-2f73-4bf2-91ab-147146c2cbb7","tableNameOverride":{"name":"65537a48-2f73-4bf2-91ab-147146c2cbb7","environmentVariableName":"af_ASD_CTRCompany"}},"ASD/ASD Requests":{"tableName":"732ceb5e-3e08-480f-99d9-73769fd07252","tableNameOverride":{"name":"732ceb5e-3e08-480f-99d9-73769fd07252","environmentVariableName":"af_ASD_ASDRequests"}},"ASD/ASD Locations":{"tableName":"098d5fbe-1426-4e02-8958-f6b6f5ae3ea6","tableNameOverride":{"name":"098d5fbe-1426-4e02-8958-f6b6f5ae3ea6","environmentVariableName":"af_ASD_ASDLocations"}},"ASD/Secured SSN":{"tableName":"c9505f15-3d35-400b-b446-a78a10bf6392","tableNameOverride":{"name":"c9505f15-3d35-400b-b446-a78a10bf6392","environmentVariableName":"af_ASD_SecuredSSN"}},"ASD/ASD Designations":{"tableName":"ccfff698-8e64-4e90-8805-07b71257fb54","tableNameOverride":{"name":"ccfff698-8e64-4e90-8805-07b71257fb54","environmentVariableName":"af_ASD_ASDDesignations"}},"ASD/ASD Ranks":{"tableName":"ecf5fbc5-e966-4c1a-bb8b-2db6e3e18acf","tableNameOverride":{"name":"ecf5fbc5-e966-4c1a-bb8b-2db6e3e18acf","environmentVariableName":"af_ASD_ASDRanks"}},"ASD/ASD Affiliations":{"tableName":"cc31cdb3-b5b9-4ca8-8f83-90320d83d0df","tableNameOverride":{"name":"cc31cdb3-b5b9-4ca8-8f83-90320d83d0df","environmentVariableName":"af_ASD_ASDAffiliations"}},"ASD/ASD Administrators":{"tableName":"a8ea7870-3d6b-44fd-934c-bd4fcbb2620a","tableNameOverride":{"name":"a8ea7870-3d6b-44fd-934c-bd4fcbb2620a","environmentVariableName":"af_ASD_ASDAdministrators"}},"ASD/Security Managers":{"tableName":"220df446-cf38-460e-b57f-a3f24ea66a1f","tableNameOverride":{"name":"220df446-cf38-460e-b57f-a3f24ea66a1f","environmentVariableName":"af_ASD_SecurityManagers"}},"ASD/Investigation Types":{"tableName":"8218c75b-6ce6-4caa-83c1-67e0757d5ca0","tableNameOverride":{"name":"8218c75b-6ce6-4caa-83c1-67e0757d5ca0","environmentVariableName":"af_ASD_InvestigationTypes"}},"ASD/DocumentLibrary":{"tableName":"d6f6a749-9aa7-44c0-a509-97bf060431df","tableNameOverride":{"name":"d6f6a749-9aa7-44c0-a509-97bf060431df","environmentVariableName":"af_ASD_DocumentLibrary"}},"ASD/IA Administrators":{"tableName":"f831bed3-a4de-4d0f-9aab-24bac1927e9f","tableNameOverride":{"name":"f831bed3-a4de-4d0f-9aab-24bac1927e9f","environmentVariableName":"af_ASD_IAAdministrators"}},"ASD/AFRICOM Directorates":{"tableName":"214e41a7-6cf1-4c5a-a778-4a565ffd6578","tableNameOverride":{"name":"214e41a7-6cf1-4c5a-a778-4a565ffd6578","environmentVariableName":"af_ASD_AFRICOMDirectorates"}},"ASD/AFRICOM Divisions":{"tableName":"54473314-e9cc-4754-8871-616fbf338b97","tableNameOverride":{"name":"54473314-e9cc-4754-8871-616fbf338b97","environmentVariableName":"af_ASD_AFRICOMDepartments"}},"ASD/AFRICOM Orgs":{"tableName":"214e41a7-6cf1-4c5a-a778-4a565ffd6578","tableNameOverride":{"name":"58ad2023-da3e-4a57-89f0-32f6e726202b","environmentVariableName":"af_ASD_AFRICOMOrgs"}},"ASD/Countries":{"tableName":"767d10a2-8fa4-4bd4-8768-c29994538d4d","tableNameOverride":{"name":"767d10a2-8fa4-4bd4-8768-c29994538d4d","environmentVariableName":"af_ASD_Countries"}}}}},"apiTier":"Standard","actions":["providers/PowerPlatform.Governance/Operations/Read"]},"34c83f0a-d315-4b96-9235-0ef81326a87c":{"id":"/providers/microsoft.powerapps/apis/shared_logicflows","displayName":"Logic flows","iconUri":"https://connectoricons-prod.azureedge.net/releases/v1.0.1534/1.0.1534.2605/logicflows/icon.png","dataSources":["ASD-Generate2875"],"dependencies":["5cbb95ba-b025-48d9-9e68-623d578ef4c7","8761fb55-076b-47e7-952a-903de32f5c0d"],"dependents":[],"parameterHints":{"workflowName":{"value":"495276b8-6756-4382-9ea6-6fc98159074f"},"workflowEntityId":{"value":"abb713e4-08d3-ec11-a7b5-0022482d9bd6"},"5cbb95ba-b025-48d9-9e68-623d578ef4c7":{"value":"shared_sharepointonline_1"},"8761fb55-076b-47e7-952a-903de32f5c0d":{"value":"shared_onedriveforbusiness_1"}},"parameterHintsV2":{"workflowName":{"value":"495276b8-6756-4382-9ea6-6fc98159074f"},"workflowEntityId":{"value":"abb713e4-08d3-ec11-a7b5-0022482d9bd6"},"shared_sharepointonline_1":{"value":"5cbb95ba-b025-48d9-9e68-623d578ef4c7"},"shared_onedriveforbusiness_1":{"value":"8761fb55-076b-47e7-952a-903de32f5c0d"}},"isOnPremiseConnection":false,"bypassConsent":false,"dataSets":{},"apiTier":"Standard","actions":["Run"]},"8761fb55-076b-47e7-952a-903de32f5c0d":{"id":"/providers/microsoft.powerapps/apis/shared_onedriveforbusiness","displayName":"OneDrive for Business","iconUri":"https://connectoricons-prod.azureedge.net/releases/v1.0.1546/1.0.1546.2665/onedriveforbusiness/icon.png","dataSources":[],"dependencies":[],"dependents":["34c83f0a-d315-4b96-9235-0ef81326a87c","41f515a1-cbe2-42e0-8c4e-f7d8d466e22a","5c4a5bb7-c0cd-4a14-a490-a2a77ff2e5a0","30ebb271-b2b1-4537-bac7-3e745f54d937","ca6bdebb-def4-48ba-8903-7357a8ee4aaf"],"parameterHints":{},"parameterHintsV2":{},"isOnPremiseConnection":false,"bypassConsent":false,"dataSets":{},"apiTier":"Standard"},"41f515a1-cbe2-42e0-8c4e-f7d8d466e22a":{"id":"/providers/microsoft.powerapps/apis/shared_logicflows","displayName":"Logic flows","iconUri":"https://connectoricons-prod.azureedge.net/releases/v1.0.1534/1.0.1534.2605/logicflows/icon.png","dataSources":["ASD-GeneratePLAA"],"dependencies":["5cbb95ba-b025-48d9-9e68-623d578ef4c7","8761fb55-076b-47e7-952a-903de32f5c0d"],"dependents":[],"parameterHints":{"workflowName":{"value":"2b9fe976-1f6f-4620-9c19-cf5741307eb0"},"workflowEntityId":{"value":"7e7895d7-aed6-ec11-a7b5-002248346670"},"5cbb95ba-b025-48d9-9e68-623d578ef4c7":{"value":"shared_sharepointonline_2"},"8761fb55-076b-47e7-952a-903de32f5c0d":{"value":"shared_onedriveforbusiness"}},"parameterHintsV2":{"workflowName":{"value":"2b9fe976-1f6f-4620-9c19-cf5741307eb0"},"workflowEntityId":{"value":"7e7895d7-aed6-ec11-a7b5-002248346670"},"shared_sharepointonline_2":{"value":"5cbb95ba-b025-48d9-9e68-623d578ef4c7"},"shared_onedriveforbusiness":{"value":"8761fb55-076b-47e7-952a-903de32f5c0d"}},"isOnPremiseConnection":false,"bypassConsent":false,"dataSets":{},"apiTier":"Standard","actions":["Run"]},"5c4a5bb7-c0cd-4a14-a490-a2a77ff2e5a0":{"id":"/providers/microsoft.powerapps/apis/shared_logicflows","displayName":"Logic flows","iconUri":"https://connectoricons-prod.azureedge.net/releases/v1.0.1534/1.0.1534.2605/logicflows/icon.png","dataSources":["ASD-GenerateAUP"],"dependencies":["5cbb95ba-b025-48d9-9e68-623d578ef4c7","8761fb55-076b-47e7-952a-903de32f5c0d"],"dependents":[],"parameterHints":{"workflowName":{"value":"a576f511-b408-4e14-883c-173c59bcc215"},"workflowEntityId":{"value":"644a230f-efd5-ec11-a7b5-002248346670"},"5cbb95ba-b025-48d9-9e68-623d578ef4c7":{"value":"shared_sharepointonline_1"},"8761fb55-076b-47e7-952a-903de32f5c0d":{"value":"shared_onedriveforbusiness_1"}},"parameterHintsV2":{"workflowName":{"value":"a576f511-b408-4e14-883c-173c59bcc215"},"workflowEntityId":{"value":"644a230f-efd5-ec11-a7b5-002248346670"},"shared_sharepointonline_1":{"value":"5cbb95ba-b025-48d9-9e68-623d578ef4c7"},"shared_onedriveforbusiness_1":{"value":"8761fb55-076b-47e7-952a-903de32f5c0d"}},"isOnPremiseConnection":false,"bypassConsent":false,"dataSets":{},"apiTier":"Standard","actions":["Run"]},"30ebb271-b2b1-4537-bac7-3e745f54d937":{"id":"/providers/microsoft.powerapps/apis/shared_logicflows","displayName":"Logic flows","iconUri":"https://connectoricons-prod.azureedge.net/releases/v1.0.1534/1.0.1534.2605/logicflows/icon.png","dataSources":["ASD-GenerateOrdersMemo"],"dependencies":["5cbb95ba-b025-48d9-9e68-623d578ef4c7","8761fb55-076b-47e7-952a-903de32f5c0d"],"dependents":[],"parameterHints":{"workflowName":{"value":"5741893b-d5fa-4fa2-8382-5545185d1197"},"workflowEntityId":{"value":"a4557a85-b4d6-ec11-a7b5-002248346670"},"5cbb95ba-b025-48d9-9e68-623d578ef4c7":{"value":"shared_sharepointonline_1"},"8761fb55-076b-47e7-952a-903de32f5c0d":{"value":"shared_onedriveforbusiness_1"}},"parameterHintsV2":{"workflowName":{"value":"5741893b-d5fa-4fa2-8382-5545185d1197"},"workflowEntityId":{"value":"a4557a85-b4d6-ec11-a7b5-002248346670"},"shared_sharepointonline_1":{"value":"5cbb95ba-b025-48d9-9e68-623d578ef4c7"},"shared_onedriveforbusiness_1":{"value":"8761fb55-076b-47e7-952a-903de32f5c0d"}},"isOnPremiseConnection":false,"bypassConsent":false,"dataSets":{},"apiTier":"Standard","actions":["Run"]},"ca6bdebb-def4-48ba-8903-7357a8ee4aaf":{"id":"/providers/microsoft.powerapps/apis/shared_logicflows","displayName":"Logic flows","iconUri":"https://connectoricons-prod.azureedge.net/releases/v1.0.1534/1.0.1534.2605/logicflows/icon.png","dataSources":["ASD-Generate2842"],"dependencies":["5cbb95ba-b025-48d9-9e68-623d578ef4c7","8761fb55-076b-47e7-952a-903de32f5c0d"],"dependents":[],"parameterHints":{"workflowName":{"value":"f88fb35a-138e-46db-8ac8-c49f2f05a8fc"},"workflowEntityId":{"value":"25642288-fdf7-ec11-bb3d-000d3a1360d8"},"5cbb95ba-b025-48d9-9e68-623d578ef4c7":{"value":"shared_sharepointonline"},"8761fb55-076b-47e7-952a-903de32f5c0d":{"value":"shared_onedriveforbusiness"}},"parameterHintsV2":{"workflowName":{"value":"f88fb35a-138e-46db-8ac8-c49f2f05a8fc"},"workflowEntityId":{"value":"25642288-fdf7-ec11-bb3d-000d3a1360d8"},"shared_sharepointonline":{"value":"5cbb95ba-b025-48d9-9e68-623d578ef4c7"},"shared_onedriveforbusiness":{"value":"8761fb55-076b-47e7-952a-903de32f5c0d"}},"isOnPremiseConnection":false,"bypassConsent":false,"dataSets":{},"apiTier":"Standard","actions":["Run"]},"b2c87dfd-2a6f-42cc-97fd-a945467e1ca9":{"id":"/providers/microsoft.powerapps/apis/shared_logicflows","displayName":"Logic flows","iconUri":"https://connectoricons-prod.azureedge.net/releases/v1.0.1534/1.0.1534.2605/logicflows/icon.png","dataSources":["ASD-GetEnvironmentVariables"],"dependencies":[],"dependents":[],"parameterHints":{"workflowName":{"value":"6b15cd21-2f2e-43ad-9bf7-8568d32d35c7"},"workflowEntityId":{"value":"417fec73-09d5-ec11-a7b5-002248346670"}},"parameterHintsV2":{"workflowName":{"value":"6b15cd21-2f2e-43ad-9bf7-8568d32d35c7"},"workflowEntityId":{"value":"417fec73-09d5-ec11-a7b5-002248346670"}},"isOnPremiseConnection":false,"bypassConsent":false,"dataSets":{},"apiTier":"Standard","actions":["Run"]}}</ConnectionReferences>
      <DatabaseReferences>{}</DatabaseReferences>
      <AppComponents>[]</AppComponents>
      <AppComponentDependencies>[{"appComponentName":"f967aff4bbff4f88b9ed175eeed39ff5","appName":"e541379e-a0d3-4440-92dc-e939f0978f1f","appComponentLibraryName":"c8c3c433-fb8c-4068-a92c-46cfb6f9ae9c","appComponentLibraryVersion":"2022-08-29T13:04:45Z","appComponentLibraryLogicalName":"af_spattachmentviewer_1ae40","environmentName":"default-75120bef-f9f7-4ae6-8fa0-8021d2117bd0"}]</AppComponentDependencies>
      <CanConsumeAppPass>1</CanConsumeAppPass>
      <CanvasAppType>0</CanvasAppType>
      <BypassConsent>0</BypassConsent>
      <AdminControlBypassConsent>0</AdminControlBypassConsent>
      <EmbeddedApp xsi:nil="true"></EmbeddedApp>
      <IntroducedVersion>1.0</IntroducedVersion>
      <CdsDependencies>{"cdsdependencies":[{"logicalname":"af_ASDRootSite","componenttype":380,"componenttypeplatformname":"EnvironmentVariableDefinition"},{"logicalname":"af_ASD_J6Validators","componenttype":380,"componenttypeplatformname":"EnvironmentVariableDefinition"},{"logicalname":"af_ASD_CTRCompany","componenttype":380,"componenttypeplatformname":"EnvironmentVariableDefinition"},{"logicalname":"af_ASD_ASDRequests","componenttype":380,"componenttypeplatformname":"EnvironmentVariableDefinition"},{"logicalname":"af_ASD_ASDLocations","componenttype":380,"componenttypeplatformname":"EnvironmentVariableDefinition"},{"logicalname":"af_ASD_SecuredSSN","componenttype":380,"componenttypeplatformname":"EnvironmentVariableDefinition"},{"logicalname":"af_ASD_ASDDesignations","componenttype":380,"componenttypeplatformname":"EnvironmentVariableDefinition"},{"logicalname":"af_ASD_ASDRanks","componenttype":380,"componenttypeplatformname":"EnvironmentVariableDefinition"},{"logicalname":"af_ASD_ASDAffiliations","componenttype":380,"componenttypeplatformname":"EnvironmentVariableDefinition"},{"logicalname":"af_ASD_ASDAdministrators","componenttype":380,"componenttypeplatformname":"EnvironmentVariableDefinition"},{"logicalname":"af_ASD_SecurityManagers","componenttype":380,"componenttypeplatformname":"EnvironmentVariableDefinition"},{"logicalname":"af_ASD_InvestigationTypes","componenttype":380,"componenttypeplatformname":"EnvironmentVariableDefinition"},{"logicalname":"af_ASD_DocumentLibrary","componenttype":380,"componenttypeplatformname":"EnvironmentVariableDefinition"},{"logicalname":"af_ASD_IAAdministrators","componenttype":380,"componenttypeplatformname":"EnvironmentVariableDefinition"},{"logicalname":"af_ASD_AFRICOMDirectorates","componenttype":380,"componenttypeplatformname":"EnvironmentVariableDefinition"},{"logicalname":"af_ASD_AFRICOMDepartments","componenttype":380,"componenttypeplatformname":"EnvironmentVariableDefinition"},{"logicalname":"af_ASD_AFRICOMOrgs","componenttype":380,"componenttypeplatformname":"EnvironmentVariableDefinition"},{"logicalname":"af_ASD_Countries","componenttype":380,"componenttypeplatformname":"EnvironmentVariableDefinition"},{"logicalname":"af_spattachmentviewer_1ae40","componenttype":300,"componenttypeplatformname":"CanvasApp"}]}</CdsDependencies>
      <IsCustomizable>1</IsCustomizable>
      <BackgroundImageUri>/CanvasApps/af_asdaccountrequests_2ed42_BackgroundImageUri</BackgroundImageUri>
      <DocumentUri>/CanvasApps/af_asdaccountrequests_2ed42_DocumentUri.msapp</DocumentUri>
    </CanvasApp>
  </CanvasApps>
  <connectionreferences>
    <connectionreference connectionreferencelogicalname="af_ASD_Office365OutlookRef">
      <connectionreferencedisplayname>AFRICOM_ASD Office 365 Outlook Ref</connectionreferencedisplayname>
      <connectorid>/providers/Microsoft.PowerApps/apis/shared_office365</connectorid>
      <description>AFRICOM ASD Account Requests PowerApp</description>
      <iscustomizable>1</iscustomizable>
      <statecode>0</statecode>
      <statuscode>1</statuscode>
    </connectionreference>
    <connectionreference connectionreferencelogicalname="af_ASD_OneDriveforBusinessRef">
      <connectionreferencedisplayname>AFRICOM_ASD OneDrive for Business Ref</connectionreferencedisplayname>
      <connectorid>/providers/Microsoft.PowerApps/apis/shared_onedriveforbusiness</connectorid>
      <description>AFRICOM ASD Account Requests PowerApp</description>
      <iscustomizable>1</iscustomizable>
      <statecode>0</statecode>
      <statuscode>1</statuscode>
    </connectionreference>
    <connectionreference connectionreferencelogicalname="af_ASD_SharePointRef">
      <connectionreferencedisplayname>AFRICOM_ASD SharePoint Ref</connectionreferencedisplayname>
      <connectorid>/providers/Microsoft.PowerApps/apis/shared_sharepointonline</connectorid>
      <description>AFRICOM ASD Account Requests PowerApp</description>
      <iscustomizable>1</iscustomizable>
      <statecode>0</statecode>
      <statuscode>1</statuscode>
    </connectionreference>
  </connectionreferences>
  <Languages>
    <Language>1033</Language>
  </Languages>
</ImportExportXml>