<ImportExportXml version="9.2.23121.196" SolutionPackageVersion="9.2" languagecode="1033" generatedBy="CrmLive" xmlns:xsi="http://www.w3.org/2001/XMLSchema-instance">
  <SolutionManifest>
    <UniqueName>AFCommonCore</UniqueName>
    <LocalizedNames>
      <LocalizedName description="AF Common Core" languagecode="1033" />
    </LocalizedNames>
    <Descriptions>
      <Description description="Common core components" languagecode="1033" />
    </Descriptions>
    <Version>1.0.1.12</Version>
    <Managed>1</Managed>
    <Publisher>
      <UniqueName>africom</UniqueName>
      <LocalizedNames>
        <LocalizedName description="USAFRICOM" languagecode="1033" />
      </LocalizedNames>
      <Descriptions>
        <Description description="USAFRICOM PowerApps publisher" languagecode="1033" />
      </Descriptions>
      <EMailAddress xsi:nil="true"></EMailAddress>
      <SupportingWebsiteUrl xsi:nil="true"></SupportingWebsiteUrl>
      <CustomizationPrefix>af</CustomizationPrefix>
      <CustomizationOptionValuePrefix>47933</CustomizationOptionValuePrefix>
      <Addresses>
        <Address>
          <AddressNumber>1</AddressNumber>
          <AddressTypeCode>1</AddressTypeCode>
          <City xsi:nil="true"></City>
          <County xsi:nil="true"></County>
          <Country xsi:nil="true"></Country>
          <Fax xsi:nil="true"></Fax>
          <FreightTermsCode xsi:nil="true"></FreightTermsCode>
          <ImportSequenceNumber xsi:nil="true"></ImportSequenceNumber>
          <Latitude xsi:nil="true"></Latitude>
          <Line1 xsi:nil="true"></Line1>
          <Line2 xsi:nil="true"></Line2>
          <Line3 xsi:nil="true"></Line3>
          <Longitude xsi:nil="true"></Longitude>
          <Name xsi:nil="true"></Name>
          <PostalCode xsi:nil="true"></PostalCode>
          <PostOfficeBox xsi:nil="true"></PostOfficeBox>
          <PrimaryContactName xsi:nil="true"></PrimaryContactName>
          <ShippingMethodCode>1</ShippingMethodCode>
          <StateOrProvince xsi:nil="true"></StateOrProvince>
          <Telephone1 xsi:nil="true"></Telephone1>
          <Telephone2 xsi:nil="true"></Telephone2>
          <Telephone3 xsi:nil="true"></Telephone3>
          <TimeZoneRuleVersionNumber xsi:nil="true"></TimeZoneRuleVersionNumber>
          <UPSZone xsi:nil="true"></UPSZone>
          <UTCOffset xsi:nil="true"></UTCOffset>
          <UTCConversionTimeZoneCode xsi:nil="true"></UTCConversionTimeZoneCode>
        </Address>
        <Address>
          <AddressNumber>2</AddressNumber>
          <AddressTypeCode>1</AddressTypeCode>
          <City xsi:nil="true"></City>
          <County xsi:nil="true"></County>
          <Country xsi:nil="true"></Country>
          <Fax xsi:nil="true"></Fax>
          <FreightTermsCode xsi:nil="true"></FreightTermsCode>
          <ImportSequenceNumber xsi:nil="true"></ImportSequenceNumber>
          <Latitude xsi:nil="true"></Latitude>
          <Line1 xsi:nil="true"></Line1>
          <Line2 xsi:nil="true"></Line2>
          <Line3 xsi:nil="true"></Line3>
          <Longitude xsi:nil="true"></Longitude>
          <Name xsi:nil="true"></Name>
          <PostalCode xsi:nil="true"></PostalCode>
          <PostOfficeBox xsi:nil="true"></PostOfficeBox>
          <PrimaryContactName xsi:nil="true"></PrimaryContactName>
          <ShippingMethodCode>1</ShippingMethodCode>
          <StateOrProvince xsi:nil="true"></StateOrProvince>
          <Telephone1 xsi:nil="true"></Telephone1>
          <Telephone2 xsi:nil="true"></Telephone2>
          <Telephone3 xsi:nil="true"></Telephone3>
          <TimeZoneRuleVersionNumber xsi:nil="true"></TimeZoneRuleVersionNumber>
          <UPSZone xsi:nil="true"></UPSZone>
          <UTCOffset xsi:nil="true"></UTCOffset>
          <UTCConversionTimeZoneCode xsi:nil="true"></UTCConversionTimeZoneCode>
        </Address>
      </Addresses>
    </Publisher>
    <RootComponents>
      <RootComponent type="1" schemaName="af_africomdirectorates" behavior="1" />
      <RootComponent type="1" schemaName="af_africomdivisions" behavior="1" />
      <RootComponent type="1" schemaName="af_africomorgs" behavior="1" />
      <RootComponent type="1" schemaName="af_country" behavior="1" />
      <RootComponent type="9" schemaName="af_branchofservice" behavior="0" />
      <RootComponent type="9" schemaName="af_namesuffix" behavior="0" />
      <RootComponent type="9" schemaName="af_rank" behavior="0" />
      <RootComponent type="61" schemaName="af_/images/AADUser.svg" behavior="0" />
      <RootComponent type="61" schemaName="af_/images/AFRICOM_Seal.svg" behavior="0" />
      <RootComponent type="61" schemaName="af_/images/af_country.svg" behavior="0" />
      <RootComponent type="61" schemaName="af_/images/SharePointOnline.svg" behavior="0" />
      <RootComponent type="62" schemaName="af_CommonCoreConfig" behavior="0" />
      <RootComponent type="66" schemaName="af_PCF.boundedDatePicker" behavior="0" />
      <RootComponent type="66" schemaName="af_USAFRICOM.ActionButton" behavior="0" />
      <RootComponent type="66" schemaName="af_USAFRICOM.EvalChartCCDRPCF" behavior="0" />
      <RootComponent type="66" schemaName="af_USAFRICOM.GeoLocationPCF" behavior="0" />
      <RootComponent type="66" schemaName="af_USAFRICOM.MapSearchPCF" behavior="0" />
      <RootComponent type="66" schemaName="af_USAFRICOM.SimpleNotification" behavior="0" />
      <RootComponent type="80" schemaName="af_CommonCoreConfig" behavior="0" />
      <RootComponent type="431" schemaName="af_country af_flag" behavior="0" />
      <RootComponent type="432" schemaName="af_country" behavior="0" />
    </RootComponents>
    <MissingDependencies>
      <!--<MissingDependency>
        <Required type="1" schemaName="af_africomdirectorates" displayName="AFRICOM Directorates" solution="Active" />
        <Dependent type="1" schemaName="af_africomdirectorates" displayName="AFRICOM Directorates" />
      </MissingDependency>
      <MissingDependency>
        <Required type="1" schemaName="af_africomdivisions" displayName="AFRICOM Divisions" solution="Active" />
        <Dependent type="1" schemaName="af_africomdivisions" displayName="AFRICOM Divisions" />
      </MissingDependency>
      <MissingDependency>
        <Required type="1" schemaName="af_africomorgs" displayName="AFRICOM Orgs" solution="Active" />
        <Dependent type="1" schemaName="af_africomorgs" displayName="AFRICOM Orgs" />
      </MissingDependency>
      <MissingDependency>
        <Required type="1" schemaName="af_country" displayName="Country" solution="Active" />
        <Dependent type="1" schemaName="af_country" displayName="Country" />
      </MissingDependency>
      -->
      <MissingDependency>
        <Required type="61" schemaName="msdyn_/Images/AppModule_Default_Icon.png" displayName="msdyn_/Images/AppModule_Default_Icon.png" solution="AppModuleWebResources (2.5)" />
        <Dependent type="80" schemaName="af_CommonCoreConfig" displayName="Common Core Config" />
      </MissingDependency>
    </MissingDependencies>
  </SolutionManifest>
</ImportExportXml>