<appaction uniquename="cits__VerifyInfo!ae14b31b446547b8a8e8e160cc3ea566!cits_CITSPersonnelManagement!cits_resourceroster!0">
  <appmoduleid>
    <uniquename>cits_CITSPersonnelManagement</uniquename>
  </appmoduleid>
  <buttonlabeltext default="Verify Contact Info">
    <label description="Verify Contact Info" languagecode="1033" />
  </buttonlabeltext>
  <buttonsequencepriority>75.0000000000</buttonsequencepriority>
  <context>1</context>
  <contextentity>
    <logicalname>cits_resourceroster</logicalname>
  </contextentity>
  <contextvalue>cits_resourceroster</contextvalue>
  <fonticon>$clientsvg:FavoriteStarFill</fonticon>
  <hidden>0</hidden>
  <iscustomizable>1</iscustomizable>
  <isgrouptitlehidden>0</isgrouptitlehidden>
  <location>0</location>
  <name>VerifyInfo!ae14b31b446547b8a8e8e160cc3ea566</name>
  <onclickeventformulacomponentlibraryid>
    <name>cits_citspersonnelmanagementdefaultcommandlibrary_c894d</name>
  </onclickeventformulacomponentlibraryid>
  <onclickeventformulacomponentname>fe2fcd8f4aef4fdca1c19b4276aae7e6</onclickeventformulacomponentname>
  <onclickeventformulafunctionname>OnSelect</onclickeventformulafunctionname>
  <onclickeventtype>1</onclickeventtype>
  <statecode>0</statecode>
  <statuscode>1</statuscode>
  <type>0</type>
  <visibilityformulacomponentlibraryid>
    <name>cits_citspersonnelmanagementdefaultcommandlibrary_c894d</name>
  </visibilityformulacomponentlibraryid>
  <visibilityformulacomponentname>fe2fcd8f4aef4fdca1c19b4276aae7e6</visibilityformulacomponentname>
  <visibilityformulafunctionname>Visible</visibilityformulafunctionname>
  <visibilitytype>1</visibilitytype>
</appaction>