<environmentvariabledefinition schemaname="af_ASD_PowerBIReportLink">
  <description default="Power BI Online Service Report URL link">
    <label description="Power BI Online Service Report URL link" languagecode="1033" />
  </description>
  <displayname default="ASD/PowerBI Report Link">
    <label description="ASD/PowerBI Report Link" languagecode="1033" />
  </displayname>
  <introducedversion>1.0.0.30</introducedversion>
  <iscustomizable>1</iscustomizable>
  <isrequired>0</isrequired>
  <secretstore>0</secretstore>
  <type>100000000</type>
</environmentvariabledefinition>