<environmentvariabledefinition schemaname="cits_CITSPM_AppID">
  <description default="The application ID of the model-driven app">
    <label description="The application ID of the model-driven app" languagecode="1033" />
  </description>
  <displayname default="CITSPM/App ID">
    <label description="CITSPM/App ID" languagecode="1033" />
  </displayname>
  <introducedversion>1.0.0.1</introducedversion>
  <iscustomizable>1</iscustomizable>
  <isrequired>0</isrequired>
  <secretstore>0</secretstore>
  <type>100000000</type>
</environmentvariabledefinition>