<environmentvariabledefinition schemaname="cits_CITSPM_EnvironmentOrgUrl">
  <description default="The environment organization URL for opening links. Add a trailing slash &quot;/&quot;">
    <label description="The environment organization URL for opening links. Add a trailing slash &quot;/&quot;" languagecode="1033" />
  </description>
  <displayname default="CITSPM/Environment Org URL">
    <label description="CITSPM/Environment Org URL" languagecode="1033" />
  </displayname>
  <introducedversion>1.0.0.1</introducedversion>
  <iscustomizable>1</iscustomizable>
  <isrequired>0</isrequired>
  <secretstore>0</secretstore>
  <type>100000000</type>
</environmentvariabledefinition>