<manifest><control namespace="USAFRICOM" constructor="GeoLocationPCF" version="0.0.1" display-name-key="GeoLocationPCF" description-key="GeoLocationPCF description" control-type="standard" api-version="1.3.7"><external-service-usage enabled="false" /><property name="gridReference" display-name-key="Grid_Reference" description-key="Grid String Using MGRS Coordinates" of-type="SingleLine.Text" usage="bound" required="true" /><property name="country" display-name-key="Country" description-key="Country Name" of-type="SingleLine.Text" usage="bound" required="false" /><property name="city" display-name-key="City" description-key="City Name" of-type="SingleLine.Text" usage="bound" required="false" /><property name="address" display-name-key="Address" description-key="Address Information" of-type="SingleLine.Text" usage="bound" required="false" /><property name="postalCode" display-name-key="PostalCode" description-key="Postal Code" of-type="SingleLine.Text" usage="bound" required="false" /><property name="latitude" display-name-key="Latitude" description-key="Latitude" of-type="Decimal" usage="bound" required="false" /><property name="longitude" display-name-key="Longitude" description-key="Longitude" of-type="Decimal" usage="bound" required="false" /><property name="shape" display-name-key="Shape" description-key="Shape" of-type="SingleLine.Text" usage="bound" required="true" /><property name="geojson" display-name-key="GeoJSON" description-key="GeoJSON" of-type="SingleLine.TextArea" usage="bound" required="false" /><property name="mapServerURL" display-name-key="MapServerURL" description-key="MapServerURL" of-type="SingleLine.TextArea" usage="bound" required="false" /><property name="geocodeURL" display-name-key="GeoCodeURL" description-key="GeoCodeURL" of-type="SingleLine.TextArea" usage="bound" required="false" /><resources><code path="bundle.js" order="1" /><css path="dist/MapControl.css" order="1" /></resources><built-by name="pac" version="1.28.2" /></control></manifest>