<manifest><control namespace="PCF" constructor="boundedDatePicker" version="0.0.1" display-name-key="boundedDatePicker" description-key="boundedDatePicker description" control-type="standard" api-version="1.3.4"><type-group name="RestrictDate-Parameter"><type>DateAndTime.DateOnly</type><type>Whole.None</type></type-group><property name="date" display-name-key="b_date" description-key="Property_Desc_Key" of-type="DateAndTime.DateOnly" usage="bound" required="true" /><property name="showWeekNumbers" display-name-key="i_showWeekNumbers" description-key="Property_Desc_Key" usage="input" of-type="Enum" required="true"><value name="Yes" display-name-key="CC_Enable_Filtering" description-key="CC_Enable_Filtering_Desc">true</value><value name="No" display-name-key="CC_Disable_Filtering" description-key="CC_Disable_Filtering_Desc" default="true">false</value></property><property name="restrictMinimunDate" display-name-key="i_restrictMinimunDate" description-key="Property_Desc_Key" usage="input" of-type="Enum" required="true"><value name="Yes" display-name-key="CC_Enable_Filtering" description-key="CC_Enable_Filtering_Desc">true</value><value name="No" display-name-key="CC_Disable_Filtering" description-key="CC_Disable_Filtering_Desc" default="true">false</value></property><property name="restrictMaximunDate" display-name-key="i_restrictMaximunDate" description-key="Property_Desc_Key" usage="input" of-type="Enum" required="true"><value name="Yes" display-name-key="CC_Enable_Filtering" description-key="CC_Enable_Filtering_Desc">true</value><value name="No" display-name-key="CC_Disable_Filtering" description-key="CC_Disable_Filtering_Desc" default="true">false</value></property><property name="minDate" display-name-key="i_mindate" description-key="Property_Desc_Key" of-type-group="RestrictDate-Parameter" usage="input" required="false" default-value="2023-01-01T15:00:00" /><property name="maxDate" display-name-key="i_maxdate" description-key="Property_Desc_Key" of-type-group="RestrictDate-Parameter" usage="input" required="false" default-value="2023-12-30T15:00:00" /><resources><code path="bundle.js" order="1" /></resources><built-by name="pac" version="1.21.5" /></control></manifest>