<environmentvariabledefinition schemaname="cits_CITSPM_Approvers">
  <defaultvalue>{   "SiteLead_Email": "",   "TPOC_Email": "",   "COR_Email": "" }</defaultvalue>
  <description default="Define the emails of the Site Lead, TPOC and COR for approvals">
    <label description="Define the emails of the Site Lead, TPOC and COR for approvals" languagecode="1033" />
  </description>
  <displayname default="CITSPM/Approvers">
    <label description="CITSPM/Approvers" languagecode="1033" />
  </displayname>
  <introducedversion>1.0.0.1</introducedversion>
  <iscustomizable>1</iscustomizable>
  <isrequired>0</isrequired>
  <secretstore>0</secretstore>
  <type>100000003</type>
</environmentvariabledefinition>